Artist,Title,Image Link,Provenance,,,,,,,,,,,,,,,,,,,,,,,,,,,,,,
Vermeer  Johannes  1632-1675.,Diana and her Companions.,https://www.mauritshuis.nl/en/explore/the-collection/artworks/diana-and-her-nymphs-406/detailgegevens/,Dirksen  The Hague  before 1866  sold for 179 florins to,Neville Davison Goldsmid  The Hague (pre 1866-1875),his widow  Eliza Garey  The Hague and Paris  1875-1876,Sale  Paris  Goldsmid Collection  May 4  1876  lot 68 ((1000 francs  to Victor de Stuers on behalf of The Netherlands) (as Nicolaes Maes),Koninklijk Kabinet van Schilderijen Mauritshuis  The Hague (inv. 406),,,,,,,,,,,,,,,,,,,,,,,,,,
Vermeer  Johannes  1632-1675.,Christ in the House of Mary and Martha.,https://www.nationalgalleries.org/art-and-artists/5539/christ-house-martha-and-mary,John Hugh Smyth Pisott  Brockley Hall  1829,Abbot Family  Bristol  c. 1880,bought by a furniture dealer for £10  1884,bought back for £13,Arthur Leslie Colley (m) (Collie)  London,Forbes and Paterson  London  April 1901  who sold it to,W.A. Coats  Skelmorlie Castle  Dalskairth  Dumfries and Galloway Scotland  1901-1926,his sons  Thomas H. and J.A. Coats  1926-1927,presented  1927 in memory of Mr. W.A. Coats  by his two sons  to the National Gallery of Scotland  Edinburgh (1670),,,,,,,,,,,,,,,,,,,,,,
Vermeer  Johannes  1632-1675.,The Procuress.,https://skd-online-collection.skd.museum/Details/Index/415421,Wallenstein  Dux,Royal Picture Gallery  Dresden 1741,State Picture Gallery  Dresden  now known as the  Gemäldegalerie Alte Meister  Dresden (1335),,,,,,,,,,,,,,,,,,,,,,,,,,,,
Vermeer  Johannes  1632-1675.,A Maid Asleep.,https://www.metmuseum.org/art/collection/search/437878,Probably Pieter Claesz. van Ruijven  Delft  before 1674,perhaps his widow  Maria de Knuijt  Delft  1674-1681,probably their daughter  Magdalena van Ruiven and her husband  Jacob Dissius  Delft,Sale  Amsterdam  Jacob Dissius Collection  May 16  1696 lot 8 (as Drunken Maid Servant Asleep Behind a Table) (62 florins),"probably Sale  Amsterdam  December 19  1737 lot 47 (as ""A sleeping woman  by the Delft van der Meer) (8.5 florins  to Carpi)",probably J.B.P. Lebrun  Paris  1811,Sale  Paris  Smeth van Alphen and Other Collections  April 14  1811  lot 150 (60 francs  to Paillet),John Waterloo Wilson  Paris (after 1873-1881),Sale  Paris  John W. Wilson Collection  March 14-16  1881  lot 116 (8500 francs? to Sedelmeyer),Sedelmeyer Gallery  Paris  in 1881  sold to Kann for 12 000 francs,Rodolphe Kann  Paris  1881-d.1905,Duveen Brothers  London  1907-1908  sold to Altman,Benjamin Altman  New York  1908- ( d.1913),bequeathed by him  in 1913  to the Metropolitan Museum of Art (14.40.611),,,,,,,,,,,,,,,,,
Vermeer  Johannes  1632-1675.,A Girl Reading a Letter.,https://skd-online-collection.skd.museum/Details/Index/415429,Possibly Sale  Pieter van der Lip Collection  June 14  1712  lot 22 (110 florins),acquired in 1742 by de Brais in Paris for August III  Elector of Saxony  Dresden (as by Rembrandt),in the Gemäldegalerie  Dresden by 1747,in the Soviet Union 1945-1955  then returned to Dresden (1336),,,,,,,,,,,,,,,,,,,,,,,,,,,
Vermeer  Johannes  1632-1675.,Officer and Laughing Girl.,https://collections.frick.org/objects/275/officer-and-laughing-girl,Probably Pieter Claesz van Ruijven  Delft (d.1674),probably his widow  Maria de Knuijt  Delft (1674-d.1681),probably their daughter  Magdalena van Ruijven  Delft (1681-d.1682),her widower  Jacob Abrahamsz Dissius (1682-d.1695),"Jacob Dissius Collection Sale  Amsterdam  May 16  1696  lot 11 (44 fl.  10 st.) (as ""Een Soldaet met een laggent Meysje  zeer fraei"" [A Soldier with a laughing Girl  very fine]","Sale  Christie's  London  Charles Scarisbrick Collection  May 10  1861  lot 89  (as by ""De Hooghe"") (£87 3s  to Lee Mainwaring)",probably Charles-Benjamin Lee-Mainwaring  Old Palace  Richmond  Surrey (as by De Hooch),Sale  London  by March 1866 (as by De Hooch) (235 guineas to Théophile Thoré  as by Vermeer  for Léopold Double),Léopold Double  Paris (1866- d.1881),Sale  Pillet  Paris  Léopold Double Collection  May 30  1881  lot 16 (88 000 francs  to Léon Gauchez for Paul Demidoff),Paul Demidoff [Pavel Pavlovich Demidov]  prince of San Donato  Villa di Pratolino  near Florence (d.1881),his widow  Hélène Demidoff [Elena Petrovna Demidov  née Troubetskaya]  princess of San Donato,Samuel S. Joseph  London  in 1891 (d. 1894),his widow  Mrs. Samuel Joseph (Emma Heilbut)  London (1894-1911),Knoedler  dealer  New York  1911,Henry Clay Frick (1911) ($225 000),Frick Collection  New York (11.1.127),,,,,,,,,,,,,,
Vermeer  Johannes  1632-1675.,The Milkmaid.,https://www.rijksmuseum.nl/en/collection/SK-A-2344,Probably Pieter Claesz. van Ruijven  Delft  before 1674,perhaps his widow  Maria de Knuijt  Delft  1674-1681,probably their daughter  Magdelena van Ruijven and her husband  Jacob Dissius,Jacob Dissius Collection Sale  Amsterdam  May 1696  lot 2 (s) (75 Df),Isaac Rooleeuw  Amsterdam,Sale  Amsterdam  Isaac Rooleeuw Collection  April 20  1701  lot 7 (s) (320 Df),Jacob van Hoek  Amsterdam (1701-1719),Sale  Amsterdam  Jacob van Hoek Collection  April 12  1719  lot 20 (s) (126 Df),Pieter Leendert de Neufville Collection  Amsterdam  before 1759,Leendert Pieter de Neufville  1759-1765,Sale  Amsterdam  Leendert Pieter de Neufville Collection  June 19  1765  lot 65 (560 Df.  to Yver),Sale  Amsterdam  Dulong Collection  April 18  1768  lot 10 (925 Df.  to Van Diemen),Jan Jacob de Bruyn  Amsterdam  1781-1798,Sale  Amsterdam  Jan Jacob de Bruyn Collection  September 12  1798  lot 32 (1550 Df.  to J. Spaan),Sale  Amsterdam  Hendrik Muilman Collection  April 12  1813  lot 96 (fl.2125  to J. de Vries for L.H. van Winter),Lucretia Johanna van Winter  Amsterdam  1813-1845,Hendrik Six van Hillegom  Amsterdam  1845-1847,Jan Pieter Six van Hillegom and Pieter Six van Vromade  Amsterdam  1847-1899/1905,Six van Vromade heirs;,acquired in 1908  with the support of the Vereniging Rembrandt  by the Rijksmuseum  Amsterdam (SK-A-2344),,,,,,,,,,,
Vermeer  Johannes  1632-1675.,The Glass of Wine.,http://www.smb-digital.de/eMuseumPlus?service=direct/1/ResultLightboxView/result.t1.collection_lightbox.$TspTitleImageLink.link&sp=10&sp=Scollection&sp=SfieldValue&sp=0&sp=0&sp=3&sp=Slightbox_3x4&sp=0&sp=Sdetail&sp=0&sp=F&sp=T&sp=8,Sale  Jan van Loon Collection  Delft  July 18  1736  lot 16 (52 florins),John Hope  Amsterdam  until 1784,his heirs  until 1794,Henry Thomas Hope  Deepdene  Surrey,his daughter  Henrietta Adela (g) (died 1862),Lord Francis Pelham Clinton Hope  1891-1898,P. and D. Colnaghi and A. Wertheimer  1898,Kaiser Friedrich Museum  Berlin  1901  later renamed Gemäldegalerie (912c),,,,,,,,,,,,,,,,,,,,,,,
Vermeer  Johannes  1632-1675.,Girl Interrupted at Her Music.,https://collections.frick.org/objects/273/girl-interrupted-at-her-music,Pieter de Smeth van Alphen  Amsterdam,Sale  Ph. van der Schley  Amsterdam  Pieter de Smeth van Alphen Collection  August 1-2  1810  lot 57 (610 florins  to J. de Vries), J. de Vries,Sale  Ph. van der Schley  Amsterdam  Henry Croese and Other Collections  September 18  1811  lot 45 (399 florins  to Roos),Cornelis Sebille Roos  1811-1820,Sale  J. de Vries  Amsterdam  Cornelis Roos Collection  August 28  1820  lot 64 (340 florins  to Brondgeest or 420 florins  to N.N.),Brondgeest,Sale  Christie's  London  Samuel Woodburn Collection  June 24  1853  lot 128 (£42  to Smith or directly to Gibson),Francis Gibson  Saffron Walden (d.1858),his daughter  Mrs. Lewis Fry  Clifton  Bristol,Lawrie and Co.  London,Knoedler and Co.  1901,Henry C. Frick  1901 ($26 000),Frick Collection  New York (1901.1.125),,,,,,,,,,,,,,,,,
Vermeer  Johannes  1632-1675.,The Girl with the Wine Glass.,https://www.3landesmuseen.de/Hollaendische-Malerei-17-und-18-Jahrhu.644.0.html,Possibly Pieter Claesz. van Ruijven  Delft  before 1674,possibly Maria de Knuijt  Widow Van Ruijven  Delft  1674-1681,possibly Magdalena van Ruijven and Jacob Dissius  1681-1682,Jacob Dissius and his father  1682-1695,"Jacob Dissuis Collection Sale  Amsterdam  May 16  1696 lot 9 (73 florins) (j) (as ""Een vrolijk gezelschap in een kamer  kragtig en goet"")",Duke Anton Ulrich of Brunswick  before 1710,Ducal Museum  Brunswick  1714,1807-1815 in the Louvre  Paris,National Museum  Brunswick (inv.316),,,,,,,,,,,,,,,,,,,,,,
Vermeer  Johannes  1632-1675.,The Little Street in Delft.,"https://www.rijksmuseum.nl/en/vermeers-the-little-street-discovered/objects#/SK-A-2860,2",Probably Pieter Claesz. van Ruijven  Delft  before 1674,perhaps his widow  Maria de Knuijt  Delft  1674-81,probably their daughter  Magdalena van Ruijven and her husband  Jacob Dissius,Sale  Amsterdam  Jacob Dissius Collection  May 16  1696  lot 32 (72 florins  10 st.) (as 'Een Gesicht van een Huys staende in Delft' [A View of a House standing in Delft]) or lot 33 (48 florins) (as 'Een Gesicht van eenige Huysen' [A View of some Houses]),Gerrit Willem van Oosten de Bruyn  Haarlem  by 1797,his widow,Sale  Van der Vinne  Haarlem  G.W. Oosten de Bruyn Collection  Amsterdam  April 8  1800 (f) lot 7 (1 040 florins  to Van Winter),Peter van Winter  Amsterdam  1800-07,Lucretia J. Van Winter  Amsterdam  1807-45,Hendrik Six van Hillegom  Amsterdam  1845-47,Jan Pieter Six van Hillegom and Pieter Six van Vromade  Amsterdam  1847-1899/1905,William Six van Wimmenum  Amsterdam  1905-1919,Jan Six  Amsterdam  1919-21,Sale  Frederik Muller and Company  Amsterdam. Six Collection Sale. April 12  1921 (bought in),Sir Henry Deterding,presented by  Sir Henry W. A. Deterding to the Rijksmuseum  Amsterdam  1921 (A 2860),,,,,,,,,,,,,,,
Vermeer  Johannes  1632-1675.,A View of Delft.,https://www.mauritshuis.nl/en/explore/the-collection/artworks/view-of-delft-92/,Probably Pieter Claesz. van Ruijven  Delft  before 1674,probably Maria de Knuijt  Widow Van Ruijven  Delft  1674-1681,Madgalena van Ruijven and Jacob Dissius  1681-82,Jacob Dissius and his father  1682-1695,Sale  Jacob Dissuis Collection Sale  Amsterdam  May 19  1696  lot 31 (Df200),Willem Philip Kops  Haarlem  Bloemendaal  before 1805,Cornelia Kops-de Wolf  Bloemendaal  1805-1820,Anna Johann Teding van Berkhout-Kops  Haarlem  1820-22,Sale  S.J. Sinstra Collection  Amsterdam  May 22  1822  lot 112 (Df2900) (to J. de Vries),Koninklijk Kabinet van Schilderijen  Netherlands,,,,,,,,,,,,,,,,,,,,,
Vermeer  Johannes  1632-1675.,Young Woman with a Water Pitcher.,https://www.metmuseum.org/art/collection/search/437881,Robert Vernon  London,Sale  London  Vernon Collection  April 21  1877  lot 97 (i) (as Metsu) (ˆDL404  10s.  to Colnaghi),Colnaghi  London  1877-1878 (as Metsu) sold to,Lord Powerscourt  1878-?1887,Agnew  London,Bourgeois Frères  Paris,Pillet  Paris  1887  sold to Marquand,Henry G. Marquand (1887-1889),presented by him in 1889 to the Metropolitan Museum of Art  New York (89.15.21),,,,,,,,,,,,,,,,,,,,,,
Vermeer  Johannes  1632-1675.,Woman with a Lute.,https://www.metmuseum.org/art/collection/search/437880,Sale  Amsterdam  P. van der Schley and Daniel de Pré Collection  December 22  1817  lot 62 ((g) 65 florins  to Coclers),art market  Paris  before 1900,Collis P. Huntington  New York  for 2000 frs.,bequeathed to the Metropolitan Museum of Art in 1900 with a life interest for his wife and son,presented by Archer M. Huntington to the Metropolitan Museum of Art in 1925 (25.110.24),,,,,,,,,,,,,,,,,,,,,,,,,,
Vermeer  Johannes  1632-1675.,A Lady at the Virginal with a Gentleman (The Music Lesson).,https://www.rct.uk/collection/405346/lady-at-the-virginals-with-a-gentleman?_ga=2.201902039.776645573.1560351591-698046801.1560351591,Perhaps Pieter Claesz. van Ruijven  Delft  before 1674,perhaps Maria de Knuijt  his widow  Delft  1674-1681,perhaps Magdelena van Ruijven and Jacob Dissius  1681-82,Jacob Dissius and his father 1692-1696,"Sale  Amsterdam  Jacob Dissius Collection  May 16  1696  lot 6 as ""Een speelende Juffrouw op de Clavecimbael in een Kamer  met een toeluisterend Monsier"" (80 florins)",possibly Sale Amsterdam  July 11  1714  lot 12,Giovanni Antonio Pellegrini  Amsterdam/The Hague  1718  Venice  1741,Angela Carriera  widow Pellegrini  Venice  1741-1742,Joseph Smith  Venice and Mogliano  1742-1762,purchased on the continent by Richard Dalton for George III (as by Frans van Mieris for £20 000),Windsor Castle from 1762;,Royal Collection  Buckingham Palace  London (inv. 109),,,,,,,,,,,,,,,,,,,
Vermeer  Johannes  1632-1675.,The Concert.,https://www.gardnermuseum.org/experience/collection/10966,Possibly Pieter Claesz van Ruijven  Delft (d.1674),possibly his widow  Maria de Knuijt  Delft  1674-d.1681,possibly their daughter  Magdalena van Ruijven  Delft  1681-d.1682,possibly her widower  Jacob Abrahamsz Dissius  1682-d.1695,"Sale  Amsterdam  May 16  1696  lot 9  (as ""Een vrolijk gezelschap in een kamer  kragtig en goet"" [A merry company in a room  vigorous and good] (73 florins))","Sale  Ph. van der Schley  Amsterdam  Johannes Lodewijk Strantwijk Collection  May 10  1780  lot 150 (315 florins  to A. Delfos  for the ""Heer van Vlaardingen"")",Diederik van Leyden,Sale  Paris  Monsieur van Leyden Collection  November 5  1804  lot 62 (350 Francs  to Paillet),Sale  Foster  London  February 26  1835  lot 127,Sale  Christie's  London  Admiral Lysaght and Other Collections  April 2  1860  lot 49 (£21  to Toothe),Sale  Pillet  Paris  Demidoff Collection  April 1  1869  lot 14 (5100 francs  to Thoré-Bürger?),Etienne Joseph Théophile Thoré  Paris  1869 (d.1869),Sale  Drouot  Paris  Thoré-Burger Collection  December 5  1892 (29 000 francs  to Robert  for Gardner),Mrs. John L. Gardner  Boston,Isabella Stewart Gardner Museum  Boston (inv. P21W27) stolen  March 18  1990,,,,,,,,,,,,,,,,
Vermeer  Johannes  1632-1675.,Woman in Blue Reading a Letter.,"https://www.rijksmuseum.nl/en/vermeers-the-little-street-discovered/objects#/SK-C-251,1","Possibly Sale  Amsterdam  Pieter van der Lip Collection  June 1712 (110 florins) (by the vague description might apply to the ""Girl Reading a Letter"" at Dresden)",possibly Mozes de Chaves  Amsterdam  1759,Sale  Amsterdam  November 30  1772  lot 23 (f) (40 florins  to Fouquet),Sale  Amsterdam  P. Lyonet Collection  April 11  1791 lot 181 (43 florins to Fouquet),Sale  Ph. van der Schley  Amsterdam  August 14  1793  lot 73 (70 florins),Herman ten Kate  Amsterdam (?1793-1800),Sale  Amsterdam  H. Ten Kate Collection  June  1801 (110 florins  to Tyssen),Sale  Paris  Lespinasse de Langeac Collection  January 16  1809 lot 85 (200 FF),Sale  Paris  Lapeyrière Collection  April 19  1825  lot 127 (2060FF  to Berthaud), J. Smith  London  1839 (after 1833-1839),sold for £79 to Adriaan van der Hoop  Amsterdam  in 1839,bequeathed by him to the city of Amsterdam  1854 Academy of Fine Arts  Amsterdam (1854-1885),lent by the city to the Rijksmuseum since 1885 (inv. c251),,,,,,,,,,,,,,,,,,
Vermeer  Johannes  1632-1675.,Woman with a Pearl Necklace.,http://www.smb-digital.de/eMuseumPlus?service=direct/1/ResultLightboxView/result.t1.collection_lightbox.$TspTitleImageLink.link&sp=10&sp=Scollection&sp=SfieldValue&sp=0&sp=0&sp=3&sp=Slightbox_3x4&sp=0&sp=Sdetail&sp=0&sp=F&sp=T&sp=9,Probably Pieter Claesz van Ruijven  Delft  before 1674,probably Maria de Knuijt  his widow  Delft  1674-1681,probably their daughter  Magdelena van Ruijven and her husband  Jacob Dissius  1681-1682,Jacob Dissius and his father  Delft  1682-1695,Sale  Amsterdam  Jacob Dissius Collection  May 16  1696  lot 36 (30 Df.),Sale  Amsterdam  Johannes Caudri Collection  September 6  1809  lot 42 (55 Df.  to Ths. Spaan),Sale  Amsterdam  D. Teengs Collection  April 24  1811  lot 73 (36 Df.  to Gruijter),Sale  Amsterdam  March 26  1856  lot 93 (111 Df.  to Philip),Henri Grevedon  Paris  before 1860,Thoré-Bürger  Paris  c. 1860-1868,Sale  Brussels  Bürger and Other Collections  April 22  1868  lot 49 (3 500 Bf.  to Sedelmeyer for Suermondt),Barthold Suermondt  Aachen  1868-1874,acquired as part of Suermondt collection by the Kaiser Friedrich Museum  Berlin  1874 (912b),later designated the Gemäldegalerie  Berlin,,,,,,,,,,,,,,,,,
Vermeer  Johannes  1632-1675.,Woman with a Balance.,https://www.nga.gov/collection/art-object-page.1236.html,Probaby Pieter Claesz. van Ruijven  Delft  before 1674,perhaps his widow  Maria de Knuijt  Delft  1674-1681,probably their daughter  Magdalena van Ruijven and her husband  Jacob Dissius  Delft,Sale  Jacob Dissius Collection  May 16  1696  lot 1 (155 florins  including a case to hold the painting),Isaac Rooleeuw  Amsterdam  1696-1701,Sale  Amsterdam  Isaac Rooleeuw Collection  April 20  1701  lot 6 (113 florins),Paulo van Uchelen  Amsterdam  1701-1703,Paulo van Uchelen the Younger  Amsterdam  1703-1754,Anna Gertruijda van Uchelen  Amsterdam  1754-1766,Sale  Amsterdam  Van Uchelen Collection  March 18  1767  lot 6 (170 florins  to Kok),Sale  Amsterdam  Nicolaas Nieuhoff Collection  April 14  1777  lot 116 (235 florins  to Van den Boogaerd),Sale  Amsterdam  Trochel and Other Collections  May 11  1801  lot 48 (60 florins  to Van der Schley),King Maximilian I Jozef  Nymphenburg  before 1825,Sale  Munich  King Maximilain I Jozef Collection  December 5  1826  lot 101 (800 DM  to Caraman  Vienna and Paris),Victor-Louis-Charles de Riquet  duc de Caraman  Paris (1826-1830),Sale  Paris  Marquis de Caraman Collection  May 10  1830  lot 68 (2 410 francs),Casimir-Périer  Paris (1830-1832),his heirs  1832-1848,Sale  Paris  Casimir-Périer Collection  May 5  1848  lot 7 (£141 15s.  bought in),Auguste Casimir Victor Laurent Périer  Paris  1848-1876,Jean Paul Pierre Casimir Périer  Paris  1876-1907,Countess De Sêgur-Périer  Paris  1907-1911,P. and  D. Colnaghi  London and M. Knoedler and Co. New York  1911,Peter A.B. Widener  Lynnewood Hall  Elkins Park  Philadelphia  1911-1915,Joseph E. Widener  Lynnewood Hall  Elkins Park  Philadelphia  1915-1942,given by him to the National Gallery of Art  Washington  D.C. (1942.9.97),,,,,
Vermeer  Johannes  1632-1675.,A Lady Writing.,https://www.nga.gov/collection/art-object-page.46437.html,Possibly Pieter Claesz. van Ruijven  Delft  before 1674,possibly Maria de Knuijt  his widow  Delft  1674-1681,possibly their daughter Magdalena van Ruijven and her husband  Jacob Dissius  Delft  1681-1682,possibly her widower  Jacob Dissius  Delft  1682-1695,Sale  Amsterdam  Jacob Dissius Collection  May 16  1696  lot 35 (63 florins),J. van Buren  The Hague,Sale  The Hague  J. van Buren Collection  November 7  1808  lot 22,Cornelis Jan Luchtmans  Rotterdam (1808-1816),Sale  Rotterdam  Dr. Luchtmans Collection  April 20  1816  lot 90 (70 florins  to Lelie),Sale  Amsterdam  H. Reydon and Other Collections  April 5  1827 lot 26 withdrawn (to De Robiano),François-Xavier  Comte de Robaino  Brussels (1827-1837),Sale  Brussels  Comte F. De Robiano Collection  May 1  1837  lot 436 (400 Beligina Francs  to Héris),Ludovic  Count de Robiano  Brussels  1837-1887,Heirs of De Robiano 1888-1906,J. and A. LeRoy  Brussels 1907,J. Pierpont Morgan  New York 1907-1913 (bought for £100 000 from G.S. Hellman),J. Pierpont Morgan Jr. (1913-1940),M. Knoedler and Co.  New York,Sir Harry Oakes  Nassau  Bahamas  1940-1943,Lady Oakes  Nassau  Bahamas  1943-1946,M. Knoedler and Co.  New York  1946,Horace Havemeyer  New York  1946-1956,given  in memory of their father  Horace Havemeyer  by Harry Waldron Havemeyer and Horace Havemeyer  Jr. to the National Gallery of Art  Washington  1962 (1962.10.1),returned for her lifetime to Mrs. Horace Havemeyer  New York,transferred to the National Gallery  Washington  1966,,,,,,
Vermeer  Johannes  1632-1675.,Mistress and Maid.,https://collections.frick.org/objects/274/mistress-and-maid,Probably Pieter Claesz van Ruijven  Delft (d.1674),probably his widow  Maria de Knuijt  Delft (1674-d.1681),probaby their daughter  Magdalena van Ruijven  Delft (1681-d.1682),maybe her widower  Jacob Abrahamsz Dissius (1682-d.1695),"Sale  Amsterdam  May 16  1696  lot 7 (70 florins) (as ""Een Juffrouw die door een Meyd een brief gebragt word"" [A Young Woman to whom a letter is brought by a Maid]) (possibly Amsterdam picture instead)",Sale  Rotterdam  Josua van Belle Collection  1730  lot 92 (155 florins) possibly National Gallery Ireland picture,Sale  Haring  Amsterdam  October 15  1738  lot 12 (160 florins  to Oortman),Sale  The Hague  Burgomaster Hendrik van Slingelandt Collection  1770 (m) not mentioned,"Sale  Paris  Blondel de Gagny Collection  December 10-24  1776  lot 72 (as Terburg) (3902 francs  with ""Une Femme assise  lisant une Letter"" to Lengliev  for Poullain)",Sale  Paris  Poullain Collection  March 15  1780 (40) (as Terburg)  (4550 francs),Sale  Paillet  Paris  Van Helsleuter and Other Collections  January 25  1802  lot 106  (2000 francs  withdrawn) (to Pitour),Ch. Lebrun  dealer  Paris,Sale  Paillet  Paris  Lespinasse de Langeac Collection  January 16  1809  lot 34 (600 francs  to Lebrun),Sale  Paris  Lebrun Collection  Paris  March 20  1810  lot 143 (601 francs  to Chevalier),Sale  Paris  Paillet Collection  March 24  1818  lot 48 (460 francs),Dufour  Marseilles  by 1819,Sale  Bataillard  Paris  Duchesse de Berri Collection  April 4-6  1837  lot 76 (4015 francs  to Paillet),Sale  Boussod  Paris  E. Secrétan Collection  July 1  1889  lot 139 (75 000 francs  to Sedelmeyer),A. Paulovstof  Petrograd,Lawrie and Co.  London,Sulley and Co.  London  1905,James Simon  Berlin (c.1906-c.1914),Knoedler Gallery,Duveen Brothers  1919,Henry Clay Frick  1919 ($265 000),Frick Collection  New York (1919.1.126),,,,,
Vermeer  Johannes  1632-1675.,Girl with a Pearl Earring.,https://www.mauritshuis.nl/en/explore/the-collection/artworks/girl-with-a-pearl-earring-670/,Possibly Pieter Claesz. van Ruijven  Delft  before 1674,possibly Maria de Knuijt  Widow Van Ruijven  Delft  1647-1681,possibly Magdalena van Ruijven and Jacob Dissius  Delft  1681-1682,Jacob Dissius and his father  1682-1695,Sale  Amsterdam  May 16  1696 lot 38 or 39 or 40,Sale  Braam  The Hague  1882 ( 1881) lot 50 (A.A. des Tombe  2 ( 2.2) florins);,Arnoldus Andries des Tombe  The Hague  1882 (1881) -1902,Bequeathed by him  1903  to the Koninklijk Kabinet van Schilderijen  Mauritshuis  The Hague (inv. 670),,,,,,,,,,,,,,,,,,,,,,,
Vermeer  Johannes  1632-1675.,Study of a Young Woman.,https://www.metmuseum.org/art/collection/search/437879,Possibly Pieter Claesz. van Ruijven  Delft  before 1674,possibly his widow  Maria de Knuijt  Delft  1674-1681,possibly their daughter  Magdalena van Ruijven and Jacob Dissius  her husband  Delft  1681-82,Sale  Amsterdam May 16  1696  lot 38  39 or 40 (36 or 17 florins),Jan Luchtmans  Rotterdam  in 1816,Sale  Muys  Rotterdam  Jan Luchtmans Collection  April 20  1816  lot 92 (3 florins),Auguste Marie Raymond  Duke of Arenberg  Belgium  by 1829 (d.1833),Arenberg family  Brussels and Schloss Meppen  German  1833-1945,Engelbert-Marie  9th duc d'Arenberg  Brussels  Schloss Meppen and Schloss Nordkirchen  Germany  1945-d.1949),his son  Engelbert-Charles  10th duc d'Arenberg  1949-1955,Germaine Seligman  dealer,sold by him for $325 000 to Mr. and Mrs. Charles B. Wrightsman  New York  1955-79,given by them in 1979 to the   Metropolitan Museum of Art  New York  in honor of Theodore Rousseau Jr. (1979.396.1),,,,,,,,,,,,,,,,,,
Vermeer  Johannes  1632-1675.,Girl with a Red Hat.,https://www.nga.gov/collection/art-object-page.60.html,Probably Pieter Claesz van Ruijven  Delft  before 1674,perhaps his widow  Maria de Knuijt  Delft  1674-1681,probably their daughter  Magdalena van Ruijven and her husband  Jacob Dissius  Delft,perhaps in Sale  Amsterdam  Dissius Collection  May 16  1696  possibly lot 38  39 or 40 (l) in Sale  sold for 36 or 17 florins,Lafontaine Collection  Paris,Sale  Hôtel de Bullion  Paris  Lafontaine Collection  December 10-12  1822  lot 28 (i) (200 francs),Général le Baron Atthalin  of Colmar (h) 1823-1856,bequeathed to his grandson  Laurent Atthalin  1856-1911,his widow  Baroness Laurent Atthalin 1911-1925,M. Knoedler and Co.  New York 1925,Andrew W. Mellon (for $290 000) (1925-1932),in 1932  A.W. Mellon Educational and Charitable Trust  Washington,in 1937  National Gallery of Art  Washington (1937.1.53),,,,,,,,,,,,,,,,,,
Vermeer  Johannes  1632-1675.,Young Girl with a Flute.,https://www.nga.gov/collection/art-object-page.1237.html,Possibly Pieter Claesz van Ruijven  Delft (d.1674),possibly his widow  Maria de Knuijt  Delf (1674-d.1681),possibly their daughter  Magdalena van Ruijven  Delft (1681-d.1682),possibly her widower  Jacob Dissius (1682-d.1695),possibly Sale  Amsterdam  Jacob Dissius Collection  May 16  1696  lot 38  39 or 40 [tronies] (36 or 16 florins),?Van Son family  's-Hertogenbosch,Jan Mahie van Bostel en Liempde  's Hertogenosch  and his wife  Geertruida van Bostel en Liempde (née Van Son  d.1876),purchased from the estate for 32 flori by their daughter ns Jaqueline Gertrude Marie de Grez-van Boxtel en Liempde  wife of Jonkheer Jan de Grez  Brussels (1876-1911),Jonas  Paris  1911,August Janssen  Amsterdam,Jacques Goudstikker  Amsterdam  1919-1921,Frederick Muller  Amsterdam  and Knoedler  New York  1921-1923,sold to Joseph E. Widener  Lynnewood Hall  Elkins Park  Pennsylvania,given by him to the National Gallery of Art  Washington  D.C. (1942.9.98),,,,,,,,,,,,,,,,,
Vermeer  Johannes  1632-1675.,The Art of Painting.,https://www.khm.at/en/objectdb/detail/2574/?offset=0&lv=list,Catharina Bolnes  Vermeer's widow  1675-1676, Maria Thins  her mother,Sale  Delft  March 15  1677,possibly Baron Gerard van Swieten (1772),his son  Gottfried van Swieten (d.1803),his estate  1803-1813 (as de Hooch),sold to Count Johann Rudolf Czernin  Vienna  1813-1845 (as de Hooch),by descent to Count Eugen Czernin and Jaromir Czernin,Adolf Hitler 1940-1945,Munich Collecting Point  1945,transferred November 17  1945  to the Kunsthistorisches Museum  Vienna  and in 1958 to the museum's permanent collection (inv. 9128),,,,,,,,,,,,,,,,,,,,
Vermeer  Johannes  1632-1675.,The Geographer.,https://upload.wikimedia.org/wikipedia/commons/0/0e/Johannes_Vermeer_-_The_Astronomer_-_WGA24685.jpg,Possibly Adriaen Paets I  Rotterdam (?1669-d.1686),possibly his son  Adriaen Paets II  Rotterdam  (1686-d.1712),"Sale  Rotterdam  April 27  1713 lot 10 (300 florins with pendant) (i) (as ""een stuk verbeeldende een Mathematis Konstenaar  door vander Meer""  or lot 11 ""Een dito door denzelven"")",Hendrik Sorgh  Amsterdam (?1713-d.1720),Sale  Amsterdam  Hendrik Sorgh Collection  March 28  1720  lot 3 (i) or 4 (160 florins  with pendant),Govert Looten  Amsterdam (d.1727),Sale  Amsterdam  Govert Looten Collection  March 13  (March 31) 1729  lot 6 (104 florins with pendant),Jacob Crammer Simonsz  Amsterdam (d.1778),Sale  Amsterdam  Jacob Crammer Simonsz Collection November 25  1778  lot 20 (172 florins  to Wubbels),Jean Etiènne Fizeaux  Amsterdam  1778-1780,Widow Fizeaux  Amsterdam 1780-1785 (?),Pieter Fouquet  Amsterdam and Alexandre Joseph Paillet  Paris  1784-1785,Jan Danser Nijman  Amsterdam (?before 1794-d.1796),Sale  Amsterdam  J. Danser Nijman Collection  August 16  1797  lot 168 (133 florins to Josi),Christian Josi  Amsterdam and London,Arnoud de Lange  Amsterdam,Sale  Amsterdam  Arnoud de Lange Collection  December 12  1803  lot 55 (360 florins  to Coclers),Johann Goll van Franckenstein  Jr.  Velzen and Amsterdam (before 1821),Pieter Hendrick Goll van Franckenstein  Amsterdam (before 1832),Sale  Amsterdam  Jonkheer J. Goll van Franckenstein Collection  July 1  1833  lot 47 (195 florins  to Nieuwenhuys),Alexandre Dumont  Cambrai  1860-1866 (sold through Thoré-Bürger to Périere),Isaac Périere  Paris (1866-1872),Sale  Paris  Isaac Pereire Collection  March 6  1872  lot 132 (17 200 ff),?Max Kann  Paris 1872,Sedelmeyer  Paris  c. 1875  sold to Demidoff,San Donato  Florence  Demidoff Collection Sale  March 15  1880  lot 1124 (£22 000  probably to Bösch),Adolf Joself Bösch  Döbling  Vienna (?1880-d.1884),Joseph Bösch Collection Sale  Vienna  April 28  1885 lot 32 (8 000 ÖS  to Kohlbacher of the Frankfurter Kunstverein on behalf of the Städelsches Kunstinstitut),given on May 26  1885  for 6 380 DM  to the Städelsches Kunstinstitut und Städtische Galerie Frankfurt am Main (1149),,
Vermeer  Johannes  1632-1675.,The Astronomer.,https://sammlung.staedelmuseum.de/en/work/the-geographer,Possibly Adriaen Paets I  Rotterdam (?1669-d.1686),possibly his son  Adriaen Paets II  Rotterdam (1686-d.1712),Sale  Rotterdam  April 27  1713  lot 11 (or 10) (300 florins  with pendant),Hendrik Sorgh  Amsterdam (?1713-d.1720),Sale  Amsterdam  Hendrik Sorgh Collection  March 28  1720  lot 3 or 4 (160 florins  with pendant),Govert Looten  Amsterdam (d.1727),Sale  Amsterdam  Govert Looten Collection  March 13  1729 lot 6  (104 florins  with pendant),Jacob Crammer Simonsz  Amsterdam (d.1778),Sale  Amsterdam  Jacob Crammer Simonsz. Collection  November 25  1778  lot 18 (sold with pendant for fl.172 to De Vries),Jean-Étienne Fizeaux  (g) Amsterdam (1778-d.1780),his widow  Amsterdam  (1780-?1785),Pieter Fouquet  Amsterdam  and Alexandre Joseph Paillet  Paris  1784-1785,Jan Danser Nijman  Amsterdam (?1794-d.1796),Sale  Amsterdam  J. Danser Nijman Collection  August 16  1797  lot 167 (270 florins to Gildemeester),Jan Gildemeester  Amsterdam (1797-d.1799),Sale  Amsterdam  Jan Gildemeester Collection  June 11  1800  lot 139 (340 florins  to Labouchère), Sale  ?London  Michael Bryan Collection  May 9  1804  lot 145 (£36 15s.),John Gibbons  near Birmingham (by 1820-1828 or later),Sale  October 7  1820  lot 31 (£35 14s.  bought in),his brother?  William Gibbons,"Sale  London  June 18  1857  lot 52 (as ""A Philosopher"") (£53 11s. to Henry? Tate)",Sale  Christie's  London  1863  lot 3,Léopold Double  Paris,Sale  Paris  Léopold Double Collection  May 30  1881  lot 17 (44 500 francs  to Gauchez),Léon Gauchez  Paris  sold to Rothschild between 1881-1888,Baron Alphone de Rothschild  Paris (d.1905),bequeathed to Baron E. de Rothschild  Paris (1905-d.1949)," abducted to Hitler's ""museum"" in Linz  Austria in 1940",restored to owner in 1945,his son  Guy de Rothschild (1949-d.1982),acquired by the Musée du Louvre  Paris in 1983 (inv. RD 1983-28)
Vermeer  Johannes  1632-1675.,The Lacemaker.,https://www.louvre.fr/en/oeuvre-notices/lacemaker,Pieter Claesz. van Ruijven  Delft  before 1674 (?),Maria de Knuijt  Widow Van Ruijven  Delft  1674-1681 (?),Madgelena van Ruijven and Jacob Dissius  Delft  1681-1682(?),Jacob Dissius and his father  1685-1694,Sale  Amsterdam Jacob Dissius Collection  May 16  1696  lot 12 (28 Dutch florins),Sale  Amsterdam  Jacob Crammer Simonsz. Collection  November 25  1778  lot 17 (150 Dutch florins  to Nijman),Jan Danser Nijman  Amsterdam  1778-before 1792,Sale  Amsterdam  Jan Wubbels Collection  July 16  1792  lot 213 (210 Dutch florins  to J. Spaan),Sale  Amsterdam  Hendrik Muilman Collection  April 12  1813  lot 97 (84 Dutch florins  to Coclers),Sale  Paris  A. Lapeyrière Collection  April 14  1817  lot 50 (501 francs  to Coclers),Sale  The Hague  Anne Willem Carel and Baron van Nagell van Ampsen September 5  1851  lot 40 (260 Dutch florins  to Lamme),Dirk Vis Blokhuyzen  Rotterdam  1851(?)-1869,Sale  Paris  Vis Blokhuyzen Collection  April 1  1870  lot 40 (3 150 Dutch florins  to Gauchez),Léon Gauchez  Paris  1870,Féral  Paris,sold to the Louvre  Paris  1870  for 7 900 francs,Musée du Louvre  Paris (M.I.1448),,,,,,,,,,,,,,
Vermeer  Johannes  1632-1675.,The Love Letter.,http://hdl.handle.net/10934/RM0001.COLLECT.6418,Pieter van Lennep  Amsterdam  c.1810-1850,Margaretha Catharina van Lennep  Amsterdam  1850-1891 (married Jan Messchert van Vollenhoven  1850),J.F. van Lennep  Amsterdam  1892,Sale  Amsterdam  Messchert van Vollenhoven/Van Engelenberg Collection  March 29  1892  lot 14 (45 100 florins  to J. Ankersmit of the Vereniging Rembrandt),Vereniging Rembrandt  Amsterdam  1892-1893,Rijksmuseum  1893  purchased with funds from Rembrandt Society (Vereniging Rembrandt) and Mr. J.F. van Lenneys (A 1595) (stolen September 24  1971  and returned October 6  1971),,,,,,,,,,,,,,,,,,,,,,,,,
Vermeer  Johannes  1632-1675.,Lady Writing a Letter with her Maid.,https://www.nationalgallery.ie/art-and-artists/highlights-collection/woman-writing-letter-her-maid-johannes-vermeer,"Catharina Bolnes, widow  Vermeer ","Hendrik van Buyten, Delft, 1676-1701 (as security for a debt owed  with another painting)","Josua van Belle, Rotterdam, before 1710","Catharina van der Meyden, widow Van Belle","Sale, Josua van Belle Collection, Rotterdam, September 6, 1730, lot 92 (florins 155)","Franco van Bleyswijck, Delft,  1734 (by inheritance in 1734  to Hendrick van Slingeland)","Hendrick van Slingeland (inherited by Catharina van der Burch, widow Slingeland)","Catharina van der Burch, his widow",one of their daughers  Maria Catharina or Agatha (d. 1771 or 1775),perhaps Barthout van Slingelandt  Dordrecht (d.1798) or Willem Bentinck  The Hague (d.1798),Miller von Aichholz  Vienna before 1881,sold to Sedelmeyer Paris  1881,bought by Secrétan for 60 000 francs,Sale  Sedelmeyer  Paris  July 1  1889  lot 140 (to Marinoni  62 000 francs),Marinoni  Paris,F. Kleinberger  Paris,Alfred Beit  London  1895-1906,Otto Beit  London  1906-1930,Lady Beit  London,her son  Sir Alfred Beit  Blessington  Ireland,Sir Alfred Beit Collection  Russborough  Ireland,stolen in 1986 and returned in 1993 at the Antwerp airport,bequeathed by Beit to National Gallery of Ireland in 1987 (inv.4535),,,,,,,,
Vermeer  Johannes  1632-1675.,Allegory of Faith.,https://www.metmuseum.org/art/collection/search/437877,Possibly commissioned by Michiel or Otto van der Dussen,Herman Stoffels van Swoll  Amsterdam (d.1698),"Sale  Amsterdam  Herman Stoffels van Swoll Collection  April 22  1699  lot 25 (400 florins) (as ""Een zittende Vrouw met meer beteekenisse  verbeeldende het Nieuwe Testament"" [A seated Woman rich in meaning  representing the New Testament])",Sale  Amsterdam  July 13  1718  lot 8 (500 florins),Sale  Amsterdam  April 19  1735  lot 11 (53 florins),David Ietswaart,"Sale  Amsterdam  David Ietswaart Collection  April 22  1749  lot 152 (70 florins  to Ravensberg) (as ""A Lady in her Room  in prayer  with many detailed accessories  by the Delft van der Meer  as good as Eglon vander Neer)",possibly in a private collection  Austria  1824,Dmitrii Shchukin  Moscow  1899 (probably as by Eglon van der Neer),Wächtler  Berlin (sold for 700 DM  to Bredius) (as E.H. Van der Neer),Dr. A. Bredius  The Hague  1899-1928   Loaned to Mauritshuis  The Hague from 1899-1923 and to the Boymans Museum  Rotterdam  1923-28,sold to Kleinberger  dealer  Paris  in 1928,sold to Michael Friedsam  New York  in 1928 ($300 000),his bequest to the Metropolitan Museum of Art in 1931 (32.100.18),,,,,,,,,,,,,,,,,
Vermeer  Johannes  1632-1675.,Young Woman Standing at a Virginal.,https://www.nationalgallery.org.uk/paintings/johannes-vermeer-a-young-woman-standing-at-a-virginal,Possibly Diego Duarte  Antwerp  1682,possibly Sale  Jacob Dissius Collection  May 16  1696  lot 37 (42 Df.),possibly widow of Nicolaes van Assendelft  Delft  1711,possibly sale  Amsterdam  July 11  1714  lot 12 (55 Df.),Sale  Amsterdam  J. Danser Nijman Collection  August 16  1797  lot 159 (h) 169 (19 Df.  to Bergh),possibly in Edward Solly Collection before 1844,not in Edward Solly Collection Sale  London  May 8  1847,Edward William Lake,Sale  London  Edward William Lake Collection  July 11  1845  lot 5 (15 Guineas  to Farrer),Sale  London  J.T. Thorn Collection  May 2  1855  lot 22 (141/2 Guineas  to Grey),Théophile Thoré  Paris  before 1866-1869,by descent to the Lacroix Family (Mde. Lacroix) (1869-1892),Sale  Paris  Thoré-Bürger Collection  December 5  189 2 lot 20 (29 000 francs  to Laurie and Co.),Bourgeois Frères  Paris  and/or Lawrie & Co.  London  in 1892,National Gallery  London  1892 (1383),,,,,,,,,,,,,,,,
Vermeer  Johannes  1632-1675.,Young Woman Seated at a Virginal.,https://www.nationalgallery.org.uk/paintings/johannes-vermeer-a-young-woman-seated-at-a-virginal,Possibly Diego Duarte  1682-1691,possibly Jacob Dissius Sale  Amsterdam  May 16  1696  lot 37,possibly widow of Nicolaes van Assendelft  Delft  1711,possibly Sale  Amsterdam  1714,reportedly Lothar Franz von Schönborn  Pommersfelden,Sale  Paris,Graf Schönborn-Pommersfelden Collection  May 1867  lot 78 (2 000 francs  to Thoré),Théophile Thoré  by inheritance to Lacroix family,Sale  Paris  Thoré-Bürger Collection  December 1892  lot 32 (25 000 francs  to Sedelmeyer),Sedelmeyer  Paris 1892-1893;,Lawrie and Company  London  1893,T. Humphry Ward  London  1894,George Salting  London (before 1898-d.1910),Salting bequest to the National Gallery  London (2568),,,,,,,,,,,,,,,,,
Vermeer  Johannes  1632-1675.,The Guitar Player.,https://www.english-heritage.org.uk/visit/places/kenwood/history-stories-kenwood/history/collections/,Possibly  though not likely Catharina Bolnes  Vermeer's widow,possibly  though not likely given by her as a security on January 27  1676 to Hendrick van Buyten  the baker,more likely sold to Pieter van Ruijven before 1674,possibly his widow  Maria de Knuijt  Delft (1674-d.1681),possibly their daughter  Magdalena van Ruijven  Delft (1681-d.1682),possibly her widower  Jacob Abrahamsz Dissius (1682-d. 1695),"Sale  Amsterdam  Jacob Dissius Collection  May 16  1696  lot 4 as ""Een speelende Juffrouw op een Guiteer  heel goet""",?Jan Danser Nyman The Hague or Amsterdam,Henry Temple  2nd Viscount Palmerston  (1794-d.1802),his son  Henry John Temple  3rd Viscount Palmerston  London and Broadlands  Hampshire (1802-d.1865),his stepson  William Francis Cowper-Temple  1st Baron Mount Temple  Broadlands  Hampshire (1865-d.1888),Evelyn Melbourn Ashley  in 1888,sold to Thos. Agnew Gallery  London  1888-1889,Earl of Iveagh  London (1889-d.1927),bequeathed by him to the Nation in 1917 or 1927 as The Iveagh Bequest  Kenwood House  London (inv. 88028841),stolen February 24-25  1974,returned May 8  1974,,,,,,,,,,,,,,
Vermeer  Johannes  1632-1675.,A Young Woman Seated at the Virginals.,https://www.theleidencollection.com/artwork/young-woman-seated-at-a-virginal/,Possibly Pieter van Ruijven  Delft (d.1674),possibly his widow  Maria de Knuijt  Delft (d.1681),possibly her widower  Jacob Abrahamsz Dissius (d.1695),"possibly Sale  Amsterdam  May 16  1696  lot 37 (as ""Een Speelende Juffrouw op de Clavecimbael van dito [Vermeer]"") (42 florins)",probably Wessel Ryers,Sale  Amsterdam  W. Reyers Collection  1814  lot 93 ( 30 florins  to Gruyter),Alfred Beit  London by 1904,his brother  Sir Otto Beit  London  in 1906,Lady Beit  London  until at least 1934,her son  Alfred Beit  Blessington  Ireland (until 1960),Marlborough Fine Art  London  1960,Baron Frédéric Rolin  Brussels  (1960-2002),his heirs,Sotheby's  London  Old Master Paintings  July 7  2004  lot 8 (£16 245 600  to Steve Wynn),"Steve Wynn, Las Vegas","Thomas and Daphne Kaplan, Leiden Gallery  New York  by December 2008",,,,,,,,,,,,,,,
"Boursse, Esaias 1631-1672",A Boy blowing Soap-Bubbles,https://commons.wikimedia.org/wiki/File:E._Boursse_Bellenblazers.gif,"Sale of Roos, Amsterdam, 1820 to Kerkhof (74 florins)","Sale Ch. Haas, Amsterdam, 1824","Suermondt-Ludwig Museum, Aachen",,,,,,,,,,,,,,,,,,,,,,,,,,,,
"Braij, Jan de 1627-1697 attributed to",Boy with White Shirt,https://www.mutualart.com/Artwork/Portrait-of-a-boy-in-a-white-shirt/B31CCD9A4F84009D,Private collection A. Reyer,"Art dealer Harry B. Yotnakparian, New York City",,,,,,,,,,,,,,,,,,,,,,,,,,,,,
Vermeer  Johannes  1632-1675  manner of.,Bust Portrait of a Young Girl.,https://emuseum.hydecollection.org/objects/76/girl-with-blue-bow?ctx=25e40990-9faa-4ad0-bdf4-01712d39ff9c&idx=0,Ch. E. Carruthers  Somerset,Sale  Christie's  London  March 23  1924 lot 62,A.F. Reyre  London,Mrs. Louis F. Hyde  Glens Falls  New York,bequeathed by her to Hyde Collection  Glens Falls  New York,,,,,,,,,,,,,,,,,,,,,,,,,,
Hooch Pieter de 1629-1684,Card Players,https://www.wikidata.org/wiki/Q20010850#/media/File:Pieter_de_Hooch_-_Soldiers_Playing_Cards_-_WGA11685.jpg,"Sale Amsterdam, November 24, 1806 (300 florins)","Sale Christie's, London, 1819 (115 pounds : 10 sterling, Woodburn)","Sale Van Cuyck, Paris, February 7, 1866, cat. no. 47 (1060 francs, Auguiot)","Auguoit, Paris, March 1, 1875, cat. no. 15",,,,,,,,,,,,,,,,,,,,,,,,,,,
"Meegeren Han van, 1889-1947",Christ and the Adulteress ,https://www.museumdefundatie.nl/en/explore-the-collection/object/?pagina=0&id=0&vervaardigers=&techniek=&datums=&query=van+meegeren,This must be the phony Vermeer which Van Meegeren passed off on Goring,given by (Hermann) Goring to a servant-maid,,,,,,,,,,,,,,,,,,,,,,,,,,,,,
"Meegeren Han van, 1889-1947",Christ at Emmaus,https://www.boijmans.nl/en/collection/artworks/101464/the-men-at-emmaus,"Planted in the attic of an old French family by the artist, to create the provenance of a Vermeer, in 1937","Art market, The Netherlands (as Vermeer) in 1937",D.A. Hoogendijk and Company (as Vermeer) in 1938,"sold by them in 1938 to the Boymans Museum, Rotterdam, later renamed the Boymans-Van Beuningen Museum (as Vermeer, until the deception was discovered in 1945).",,,,,,,,,,,,,,,,,,,,,,,,,,,
Hooch Pieter de 1629-1684 attributed to,Concert Party of Four Persons,no image available,"Collection of Kurt, Berlin, 1861",,,,,,,,,,,,,,,,,,,,,,,,,,,,,,
Vermeer Johannes 1632-1675 attributed to,Conversation Piece,no image available,"Private Collection, the Netherlands",,,,,,,,,,,,,,,,,,,,,,,,,,,,,,
"Blommendael, Reyer Jacobsz. Van, 1628-1675","Diana and her nymphs, resting after the hunt",https://rkd.nl/en/explore/images/record?query=Reyer+Jacobsz.+van+Blommendael&start=5,"Art dealer William B. Paterson, London","Sackville Gallery, London","Collection MJ Spiller, England","Art dealer Walter Paech, Amsterdam","Art dealer H. van der Ploeg, The Hague / Amsterdam; Art dealer H. van der Ploeg, The Hague / Amsterdam","EA Smulders private collection of Sir John's Polder, Hong Kong 1998-11-10",,,,,,,,,,,,,,,,,,,,,,,,,
"Natus Johannes, 1658-1662",Drinking and Smoking Group at a Table at a Yard,https://rkd.nl/en/explore/images/record?query=Johannes+Natus&start=2,"Private collection, Geneva in 1941","Art dealer Johny Van Haeften, London",,,,,,,,,,,,,,,,,,,,,,,,,,,,,
Vermeer Johannes 1632-1675 attributed to,Disasterous Landscape,no image available,Collection of W. Burger,,,,,,,,,,,,,,,,,,,,,,,,,,,,,,
Unknown Artist,Dutch Room,Contact photoarchive@frick.org for more information.,,,,,,,,,,,,,,,,,,,,,,,,,,,,,,,
Vermeer Johannes 1632-1675 attributed to,Entrance to the Woods,no image available,Museum of Bale,,,,,,,,,,,,,,,,,,,,,,,,,,,,,,
Vermeer Johannes 1632-1675 attributed to,Entrance to the Woods,no image available,"Gallery of Count Czernin, Vienna",,,,,,,,,,,,,,,,,,,,,,,,,,,,,,
Hooch Pieter de 1629-1684,Family in the Courtyard of a House,"http://www.akademiegalerie.at/de/Sammlung/Bildinformation/?image_name=77&active_image=20&GALLERY_ORDER=11,110,92,102,37,63,13,113,56,68,70,60,93,16,89,23,79,64,28,20,77,6,74,87,98,12,42,59,49,4,33,10,26,46,84,15,100,91,78,88,83,47,94,104,22,31,107,96,44,35,108,43,19,40,66,36,53,9,24,82,55,30,67,97,14,32,95,85,7,106,111,112,90,86,65,51,21,99,17,27,80,2,18,61,81,50,103,75,45,58,105,73,39,1,38,57,54,5,101,71,3,52,34,72,76,109,69,48,41,25,29,62,8&mode=28&ART_Name=0&&ARTIST_Name=&GENRE_Name=&opener=http://www.akademiegalerie.at/de/Sammlung/Virtuelle%20Galerie/&final=",Collection of the l'Academie des Beaux-Arts in Vienna,,,,,,,,,,,,,,,,,,,,,,,,,,,,,,
"Renesse, Constantijn van 1626-1680",Family Group ,https://www.pubhist.com/w15636,"Gallery of Count Czernin, Vienna",,,,,,,,,,,,,,,,,,,,,,,,,,,,,,
"Martsen, Jacob 1580-after 1630 attributed to","Family Portrait Right ""Let the children come to me""",https://rkd.nl/en/explore/images/record?query=Jacob+Martsen&start=2,"Joosstens private collection, The Hague sold by them as Johannes Vermeer 'for an English museum 1910","GMF Joosstens private collection, The Hague as J. Mijtens sold 1969",Private collection Netherlands 2007-09 - identified,,,,,,,,,,,,,,,,,,,,,,,,,,,,
Vermeer Johannes 1632-1675 attributed to,The Field,no image available,"Collection of M. Brentano, Francfort-sur-Mein",,,,,,,,,,,,,,,,,,,,,,,,,,,,,,
"Anonymous Dutch School, 17th century",Figure Studies,https://rkd.nl/en/explore/images/record?filters%5Bobjectcategorie%5D%5B0%5D=drawing&query=johannes+vermeer&start=4,"Private collection Johan Quirijn of Regteren Altena, Amsterdam 1980","Private collection Heirs Johan Quirijn of Regteren Altena, The Netherlands 1980 - 2016",,,,,,,,,,,,,,,,,,,,,,,,,,,,,
Deuren  Olivier van  1666-1714.,The Geographer.,https://rkd.nl/en/explore/images/record?query=Olivier+van+Deuren&start=2,Collection of Lord....,Sale  Paris  MM. Péreire Collection  March 6  1872  lot 133 (4 000 francs),Sale  Antwerp  Edouard Kums Collection  May 17-18  1898  lot 114 (8 400 francs),Vicomte du Bus de Gisignies  Brussels,inherited by his son-in-law  Comte de Renesse,from whom acquired jointly by René Gimpel  Paris  and Edouard Jonas  Paris and New York  by 1929,sold by Mr. Jonas in January 1936 to E. John Magnin  New York (d.1944),his gift to the Fine Arts Museums of San Francisco  San Francisco  California (75.18.15),,,,,,,,,,,,,,,,,,,,,,,
Unknown Immitator of Vermeer,Girl in a Blue Dress and Yellow Cloak,http://www.essentialvermeer.com/fakes_thefts_school_of_delft_lost_sp/erroneously_attributed_vermeers_one.html#.XQeigYhKh3h,Paul Cassirer (Berlin) sold to Thyssen-Bornemisza,,,,,,,,,,,,,,,,,,,,,,,,,,,,,,
Vermeer  Johannes  1632-1675  copy of.,"A Girl Reading a Letter, copy of",Contact photoarchive@frick.org for more information.,Vincent L. Bradford  Philadelphia,included in the collection of paintings he gave to Washington and Lee University  Lexington  Virginia (31) (as Pieter de Hooge),,,,,,,,,,,,,,,,,,,,,,,,,,,,,
Vermeer Johannes 1632-1675 attributed to,Girl Pouring Wine,"Image can be found in The Burlington Magazine for Connoisseurs, Volume 15, page 247- https://books.google.com/books?id=3sw-AQAAMAAJ&pg=PR7&lpg=PR7&dq=sackville+gallery+girl+pouring+wine&source=bl&ots=Et7ZRbF9oj&sig=ACfU3U33TcWAm5DQ2dVLtxB5-geQVvtHcA&hl=en&sa=X&ved=2ahUKEwieg_6EmefiAhUPmeAKHaCTDp0Q6AEwBnoECAkQAQ#v=onepage&q=sackville%20gallery%20girl%20pouring%20wine&f=false","Sackville Gallery, London",,,,,,,,,,,,,,,,,,,,,,,,,,,,,,
Burch  Hendrick van der  1627-approximately 1666.,A Graduation Ceremony at the University of Leyden about 1650.,https://upload.wikimedia.org/wikipedia/commons/2/2a/A_graduation_ceremony_at_Leiden_University_about_1650%2C_by_Hendrick_van_der_Burgh.jpg,H. Verdonck Sale  Rotterdam  September 30  1811 (as J. ten Oever),P. van Romondt Sale  Amsterdam  May 11  1835  lot 13 (as Jan Vermeer of Delf),J.H. Langeveld  Voorhout,bought from him  1915  for the Rijksmuseum  Amsterdam (660: B2),,,,,,,,,,,,,,,,,,,,,,,,,,,
Steen Jan 1685-1750,The Harpsichord Lesson,https://rkd.nl/en/explore/images/record?query=The+Harpsichord+Lesson&start=0,"Sale Randon de Boisset, Paris, February 27, 1777, cat. no. 129 (1200 francs)","Duc de Praslin, Paris, February 18, 1793 (1310 francs)","B. de Bosch, Amsterdam, March 10, 1817, cat. no. 19","B. de Bosch, Amsterdam, March 10, 1817, cat. no. 19","General Phipps, London, 1859 (225 pounds: 15 sterling, Mawson)","Collection of Sir Richard Wallace,Marquess of Hertford","Wallace Collection, London, 1901 catalogue, cat. no. 154.",,,,,,,,,,,,,,,,,,,,,,,,
Vermeer  Johannes  1632-1675  manner of  attributed to.,Head of a Girl.,https://digitalcollections.frick.org/digico/#/,Edward Hutton  dealer  London  1931 (name not used on mount),presumably now in a Swedish Collection  but still for sale  January 1957,,,,,,,,,,,,,,,,,,,,,,,,,,,,,
Jongh Ludolf de 1616-1679 attributed to,The Huntsman's Rest,no image available,"Musee du Louvre, Paris (?)",,,,,,,,,,,,,,,,,,,,,,,,,,,,,,
"Vrel, Jacobus, 1654-1670",An Interior of a Beguine Convent,no image available,Collection of W. Burger,,,,,,,,,,,,,,,,,,,,,,,,,,,,,,
Vermeer Johannes 1632-1675 attributed to,An Interior of a Beguine Convent,no image available,"Sale  Reydon, Amsterdam, 1827",Collection of W. Burger,,,,,,,,,,,,,,,,,,,,,,,,,,,,,
"Thomas, Gerard 1663-1720 manner/circle of","Interior with a man feeling the pulse of a woman, a dentist beyond",Contact photoarchive@frick.org for  more information on this image.,"Private collection Benjamin C. Smith, Paisley (Scotland)",,,,,,,,,,,,,,,,,,,,,,,,,,,,,,
"Vrel, Jacobus, 1654-1670",An Interior of a Town,https://www.philamuseum.org/collections/permanent/102333.html?mulR=1849596643|1,"Owned, some years before 1866, by the sone of the dealer and art critic John Smith, London","Count C… (Cornet de Ways Ruart fils) Sale, Brussels, April 22, 1868 (as Vermeer) (Sedelmeyer, 1000 francs)","Tabourier Sale, Paris, June 18, 1898 (as Vermeer) (sold for 3650 francs); Boreel sale, Amsterdam, July-August-September 1907 (as signed work by J. Vrel); ","Hoogendyk and other Collections Sale, Muller's Amsterdam, April 28-29, 1908 (called ""La Ruelle""); bought at this sale by John G. Johnson, (on the recommendation of Roger Fry)","Johnson Art Collection, Philadelphia",,,,,,,,,,,,,,,,,,,,,,,,,,
Vermeer Johannes 1632-1675 attributed to,An Interior of a Town,https://en.wikipedia.org/wiki/Jacob_Vrel#/media/File:Vrel1.jpg,"Estate of M. de Gruyter, Amsterdam","Christoph Raaben Ruhl, Cologne, 1876 (as Jan Vermeer of Delft)","Ruhl Collection Sale, Cologne, May 15-18, 1876 (as Jan Vermeer of Delft)",later collections not known,a lost picture,"Dr. Hans Wetzlar, Amsterdam","The late Dr. Hans Wetzlar Collection Sale, Sotheby Mak van Waay B.V., Amsterdam, Juine 9, 1977 (sold for 450,000 florins)",,,,,,,,,,,,,,,,,,,,,,,,
"Meegeren Han van, 1889-1947",Jesus Teaching in the Temple,https://upload.wikimedia.org/wikipedia/commons/0/04/Jesus_unter_den_Schriftgelehrten_von_Han_van_Meegeren.jpg,Possibly owned by the government of the Netherlands.,,,,,,,,,,,,,,,,,,,,,,,,,,,,,,
Vermeer  Johannes  1632-1675  20th century imitator of.,The Lacemaker.,https://www.nga.gov/collection/art-object-page.61.html,Captain Harold R. Wright  London and Bremen  Germany  in 1927,sold to Duveen Brothers  New York,sold by them to Andrew W. Mellon in 1927,included in the collection that he presented to the nation as the U.S. National Gallery of Art  Washington D.C. in 1937 (1937.1.54),,,,,,,,,,,,,,,,,,,,,,,,,,,
Vermeer  Johannes  1632-1675  manner of.,A Lady in a Blue Hat.,,Sale  Frederik Muller et cie.  Amsterdam  1890-1900 (as School of Rembrandt),Paul Cassirer  Berlin,sold by him to Baron Heinrich Thyssen-Bornemiza,his daughter  Countess Marget Batthyany,Castle Rohoncz Collection  Castagnola  Switzerland until the mid 1950s,Municipality of Lugano,,,,,,,,,,,,,,,,,,,,,,,,,
"Meegeren Han van, 1889-1947",Lady and Gentleman at the Harpsichord,http://www.essentialvermeer.com/fakes_thefts_school_of_delft_lost_sp/erroneously_attributed_vermeers_two.html#.XQFFzb57ncs,"Private collection, Holland (in the hands of Mr. Tersteeg, son of former director of Goupil Galleries, The Hague), in 1932","Instituut Collectie Nederland, The Hague, by 2006.",,,,,,,,,,,,,,,,,,,,,,,,,,,,,
Vermeer  Johannes  1632-1675  copy of.,Lady with a Guitar.,https://www.philamuseum.org/collections/permanent/102282.html?mulR=2013828767|5,Henry Bischoffsheim  London,Gooden  London  in 1896,John G. Johnson  Philadelphia  Pennsylvania,Johnson Art Collection  Philadelphia,John G. Johnson Collection  Philadelphia Museum of Art (497),,,,,,,,,,,,,,,,,,,,,,,,,,
"Vermeer van Haarlem, Jan, II, 1628-1691",Landscape with Cows,http://collection.nationalmuseum.se/eMP/eMuseumPlus?service=direct/1/ResultListView/result.t1.collection_list.$TspTitleImageLink.link&sp=10&sp=Scollection&sp=SfieldValue&sp=0&sp=0&sp=3&sp=SdetailList&sp=0&sp=Sdetail&sp=0&sp=F&sp=T&sp=2,"Nationalmuseum, Stockholm, inv./cat.nr NM 509",,,,,,,,,,,,,,,,,,,,,,,,,,,,,,
Vermeer Johannes 1632-1675 attributed to,Landscape with Dunes,no image available,"Collection of M. Blokhuyzen, Rotterdam",,,,,,,,,,,,,,,,,,,,,,,,,,,,,,
Vermeer Johannes 1632-1675 attributed to,"Landscape, in the genre of Ruisdael",no image available,"Estate of M. Gzell, Vienna",,,,,,,,,,,,,,,,,,,,,,,,,,,,,,
"Sweerts, Michael 1618-1664 attributed to",The Lesson,Contact photoarchive@frick.org for more information.,,,,,,,,,,,,,,,,,,,,,,,,,,,,,,,
Laan Dirk Jan van der 1759-1829,The Little Street,http://www.essentialvermeer.com/fakes_thefts_school_of_delft_lost_sp/erroneously_attributed_vermeers_one.html#.XQFRvr57nct,,,,,,,,,,,,,,,,,,,,,,,,,,,,,,,
Vermeer Johannes 1632-1675 attributed to,Lot and His Daughters,no image available,"Hertz Collection, Hamburg",,,,,,,,,,,,,,,,,,,,,,,,,,,,,,
"Hutin, Charles 1715-1776.",A Maidservant resting in a Hall,http://www.artnet.com/artists/charles-fran%C3%A7ois-hutin/une-servante-assoupie-QiZnS778DDfABhwYOaefxw2,"W.A. Coats, Dalskairth, Dumfries","Sale, Christie's, London, W.A. Coats Collection, June 10, 1927, lot 140 (as Vermeer) (to Smith £199-10)","appears to have later been in the collection of Jósef Potocki, Warsaw, and was one of the pictures carried away by the German Occupation authorities, during the years 1939-1945.",,,,,,,,,,,,,,,,,,,,,,,,,,,,
Unknown Artist,Magdalen at the Foot of the Cross,http://www.essentialvermeer.com/fakes_thefts_school_of_delft_lost_sp/erroneously_attributed_vermeers_one.html,"Collection of Major F.H. Fawkes, Otley, England",,,,,,,,,,,,,,,,,,,,,,,,,,,,,,
"Anonymous Dutch School, active 17th century",A Man Reading in the Open Air,https://www.rijksmuseum.nl/en/collection/SK-A-4019,"Private Collection, The Netherlands","City of Wenen, Wenen, from 1941-1946","Nederlands Kunstbezit-collectie, from 1946.",,,,,,,,,,,,,,,,,,,,,,,,,,,,
Delen Dirck van 1604 or 1605-1671,A Merry Company in a Room,https://www.boijmans.nl/en/collection/artworks/1712/a-musical-company,"Sale Amsterdam, May 16, 1696, cat. no. 7 (73 florins)","Museum Boijmans Van Beuningen, Rotterdam",,,,,,,,,,,,,,,,,,,,,,,,,,,,,
"Quast, Pieter Jansz, 1605 or 1606-1647","Merry drinking, singing and making music company in an interior",https://www.metmuseum.org/art/collection/search/437352,"Private collection Benjamin C. Smith, Paisley (Scotland) Vermeer - 1925 signaled for 1925","Art dealer Art Collectors' Association Ltd., London 1925 - signaled ca. 1926","Private collection Siegfried Bieber, Berlin / New York City","Private collection Josephine Bieber, New York City through inheritance of her husband, Siegfried Bieber 1971","The Metropolitan Museum of Art, New York City, inv./cat.nr 1973.155.1 bequest of Josephine Bieber, in memory of her husband, Siegfried Bieber, 1973 1970 -",,,,,,,,,,,,,,,,,,,,,,,,,,
Unknown Artist,The Minuet,Contact photoarchive@frick.org for more information.,"Collection of W.A. Coats, Skelmorlie Castle ",,,,,,,,,,,,,,,,,,,,,,,,,,,,,,
"Anonymous Dutch School, 17th century",A Monk Contemplating a Crucifix,https://rkd.nl/nl/explore/images/267390,"Private collection Johan Quirijn of Regteren Altena, Amsterdam 1980",his heirs,,,,,,,,,,,,,,,,,,,,,,,,,,,,,
"Burch, Hendrik van der 1627-1666 attributed to",An Officer at an Open Window,no image available,Bought in 1863 Dr. Walter Dickson,inherited by his son Dr. T.H. Dickson of Kingston-on-Thames,"sold by his widow through Messrs. Robinson, Fisher and Harding at Willis's auction rooms, London, May 11, 1922","Mr. Frank T. Sabin of 172, New Bond Street (4000 guineas)",,,,,,,,,,,,,,,,,,,,,,,,,,,
"Vrel, Jacobus, 1654-1670",Old Woman reading the Bible,no image available,"Sale James Odier, Paris, 1864 (470 francs) to M. Mundler","Kunsthistorisches Museum, Vienna",,,,,,,,,,,,,,,,,,,,,,,,,,,,,
Unknown Artist,Old Woman with a Reel,http://www.essentialvermeer.com/fakes_thefts_school_of_delft_lost_sp/erroneously_attributed_vermeers_one.html#.XREZiehKh3g,"Private collection, Ginevra (?)",,,,,,,,,,,,,,,,,,,,,,,,,,,,,,
Vermeer Johannes 1632-1675 attributed to,Panorama Landscape,no image available,Collection of the Grand-Duchess Marie of Russia,,,,,,,,,,,,,,,,,,,,,,,,,,,,,,
"Fabritius Carel, 1622-1654",The Parable of the Unjust Steward,Contact photoarchive@frick.org for more information.,"Bottenwieser (dealer), Berlin, in 1926",Viscount Rothermere collection London,,,,,,,,,,,,,,,,,,,,,,,,,,,,,
Bega  Cornelis Pietersz  approximately 1631-1664.,Peasant Woman Seated.,http://www.essentialvermeer.com/fakes_thefts_school_of_delft_lost_sp/erroneously_attributed_vermeers_one.html#.XRDy_uhKh3g,Schlossmuseum  Kunstsammlungen zu Weimar  Weimar  Germany.,,,,,,,,,,,,,,,,,,,,,,,,,,,,,,
Unknown Artist,The Physician,Contact photoarchive@frick.org for more information.,"Stchawinsky Collection, Petrograd",,,,,,,,,,,,,,,,,,,,,,,,,,,,,,
"Man Cornelis de, 1621-1706",Portrait of the Artist,no image available,"Sale 1696, cat. no. 3",Collection of W. Burger,Sale The Hague 1780 (480 florins),"Sale Slingelandt, 1785 (600 florins)","Sale Goll van Franckenstein, 1833 (450 florins)",,,,,,,,,,,,,,,,,,,,,,,,,,
Vermeer Johannes 1632-1675 attributed to,Portrait of the Artist,no image available,"Sackville Gallery, London",,,,,,,,,,,,,,,,,,,,,,,,,,,,,,
"Sweerts, Michael 1618-1664 attributed to",Portrait of a Girl,https://artuk.org/discover/artworks/portrait-of-a-girl-81079,"Collection of Mr. C.A. Boughton Knight, Duncton Castle, England","Gift from HM Government to Leister Museum, 1975 (Today New Walk Museum & Art Gallery, Leicester Arts and Museums Service)",,,,,,,,,,,,,,,,,,,,,,,,,,,,,
"Maes, Nicolaus 1634-1693 attributed to",Portrait of a Man,https://www.fine-arts-museum.be/nl/de-collectie/jacobus-leveck-toegeschreven-aan-vroeger-toegeschreven-aan-rembrandt-nicolaes-maes-jan-vermeer-van-delft-jan-victors-willem-drost-carel-fabritius-delftse-school-de-man-met-de-hoed?artist=maes-nicolaes-1,"Collection Peter Norton, London, 1836","Collection T. Humphry-Ward, London, 1888","Merchant of paintings Charles Sedelmeyer, Paris, cat.  1898, no. 80 (Maes); Collection E. Otlet, Brussels, Hotel Drouot, Paris, December 17, 1900 (20,500 or 19,500 francs)","Brussels Museum (as ""Le Calviniste"" by Maes)","Musee Royaux des Beaux-Arts, Brussels (as Maes of Vermeer) (later as Carel Fabritius) (catalogued 1953 as Maes)",,,,,,,,,,,,,,,,,,,,,,,,,,
"Ovens, Jurgen 1623-1678",Portrait of an unknown family with a glass sphere,https://rkd.nl/nl/explore/images/5650,Private collection Den Haag 1948 - ,"Art dealer S. Nijstad, Lochem/The Hague","Private collection Dirk Hannema, Netherlands","Hannema-de Stuers Fundatie, Kasteel Het Nijenhuis (Raalte)","Museum De Fundatie, Zwolle/Heino",,,,,,,,,,,,,,,,,,,,,,,,,,
Drost Willem n.c. 1630-m.1687,Portrait of a Woman.,https://www.mfab.hu/artworks/portrait-of-a-woman-2/,"Esterházy, Vienna (in 182 catalogue as Rembrandt)",bought with the pictures of that collection by the Hungarian State in 1871,Szépmüvészeti Múzeum Budapest (as Vermeer (?)) (316),,,,,,,,,,,,,,,,,,,,,,,,,,,,
Vermeer  Johannes  1632-1675  manner of,Portrait of a Woman,http://www.essentialvermeer.com/fakes_thefts_school_of_delft_lost_sp/erroneously_attributed_vermeers_one.html#.XRDy_uhKh3g,Bottwiesser (Berlin),"sold to Mr. and Mrs. E.W. Edwards, Cincinnati",,,,,,,,,,,,,,,,,,,,,,,,,,,,,
"Bourdon Sebastien, 1616-1671, attributed to",Portrait of a Young Boy,https://www.metmuseum.org/art/collection/search/435757?&searchField=ArtistCulture&sortBy=Relevance&ft=Sebastien+Bourdon&offset=0&rpp=20&amp;pos=17,"Anton W.M. Mensing, Amsterdam (as Vermeer)","Jules Féral, Paris (as Vermeer)","Yves Perdoux, Paris, until 1923 (as Vermeer); bought from them by Duveen for 750,000 francs in 1923","sold by them to Bache for $175,000 (as Vermeer)","Jules S. Bache, New York (as Vermeer)",presented by him to the State of New York under the jurisdiction of the Bache Foundation in 1937 (as Vermeer),"placed by the Foundation's trustees, after Mr. Bache's death in 1944, as the Bache Collection, with the Metropolitan Museum of Art, New York (as Vermeer)","formally transferred by the Bache Foundation in 1949 to the Metropolitan Museum of Art, New York (49.7.39).",,,,,,,,,,,,,,,,,,,,,,,
Unknown Immitator of Vermeer,Portrait of a Young Girl,http://www.essentialvermeer.com/fakes_thefts_school_of_delft_lost_sp/erroneously_attributed_vermeers_one.html#.V5DnrOswjcs,"Collection of Charles E. Carruthers, esq., Batheaston, Somerset, England",,,,,,,,,,,,,,,,,,,,,,,,,,,,,,
Vermeer Johannes 1632-1675 attributed to,Portrait of a Young Girl,no image available,"Collection of D.G. van Beuningen, Rotterdam",,,,,,,,,,,,,,,,,,,,,,,,,,,,,,
"Anonymous, Dutch School, active 19th century, attributed to",Portrait of a Young Man,http://www.essentialvermeer.com/fakes_thefts_school_of_delft_lost_sp/erroneously_attributed_vermeers_one.html#.XRDy_uhKh3g,"Art Market, London, in the 1920s","E.W. Savory, by 1929","Sale, Paul Brandt, Amsterdam, June 6, 1961.",,,,,,,,,,,,,,,,,,,,,,,,,,,,
"Anonymous Dutch School, active 19th century, attributed to",Portrait of a Young Woman,Contact photoarchive@frick.org for more information.,"Count Berchtold (former Chancellor of Austria-Hungary, at Vienna)","Jean Schmit, dealer, Paris, in 1935.",,,,,,,,,,,,,,,,,,,,,,,,,,,,,
Vermeer  Johannes  1632-1675  copy of.,"The Procuress, copy of",https://digitalcollections.frick.org/digico/#/,Mr. George A. Hearn  New York;,Sale  American Art Galleries  New York  George Hearn Collection  February 15 - March 4  1918  lot 351 ($250 to B. Kropelien).,,,,,,,,,,,,,,,,,,,,,,,,,,,,,
Laan Dirk Jan van der 1759-1829,The Rustic Cottage,http://www.essentialvermeer.com/fakes_thefts_school_of_delft_lost_sp/erroneously_attributed_vermeers_one.html#.XRD5RehKh3h,"Gallery of M. Barthold Suermondt, Aix-la-Chapelle","Collection of Dr. Lombard, Liege","Staatliche Museen zu Berlin, Gemaldegalerie",,,,,,,,,,,,,,,,,,,,,,,,,,,,
Vermeer  Johannes  1632-1675 attributed to ,Saint Praxedis,http://collection.nmwa.go.jp/en/DEP.2014-0001.html,Private collection,,,,,,,,,,,,,,,,,,,,,,,,,,,,,,
Vermeer Johannes 1632-1675 attributed to,Sandy Landscape,no image available,"Royal Gallery of Schleissheim, near Munich",,,,,,,,,,,,,,,,,,,,,,,,,,,,,,
Vermeer Johannes 1632-1675 attributed to,Sandy Landscape,no image available,Museum of Brunswick,,,,,,,,,,,,,,,,,,,,,,,,,,,,,,
"Vaillant Wallerant, 1623-1677",Self Portrait,https://rkd.nl/nl/explore/images/41838,"Jean DECOEN private collection, Brussels, Hannema-the Stuers Foundation, Castle Het Hijenhuis (Raalte)","Museum Foundation, Zwolle/Heino",,,,,,,,,,,,,,,,,,,,,,,,,,,,,
"Boursse, Esaias 1631-1672 attributed to",The Servant Sleeping,https://twitter.com/PP_Rubens/status/1102432716874756096/photo/0,"Thore-Burger Collection Sale, Hotel Drouot, December 5, 1892 cat. no. 35 (as Vermeer) (1150 francs)","P.A. B. Widener, Philadelphia","sold in possession of W. Heilgendorff, Berlin",,,,,,,,,,,,,,,,,,,,,,,,,,,,
"Anonymous Dutch School, 17th century","Sitting Girl, Asleep",https://www.christies.com/lotfinder/Lot/dutch-school-17th-century-a-servant-girl-5855418-details.aspx,"Private collection Wladimir Nikolaevitch Argoutinsky-Dolgoroukoff (Prince), Paris / Saint-Petersburg"," July 7, 1929 sold","Private collection Johan Quirijn of Regteren Altena, Amsterdam","7 July 1929 to 1980 See auction catalog December 10, 2014","Private collection Heirs Johan Quirijn of Regteren Altena, The Netherlands 1980 - 2014",,,,,,,,,,,,,,,,,,,,,,,,,,
Vermeer  Johannes  1632-1675  20th century imitator of.,The Smiling Girl.,https://www.nga.gov/collection/art-object-page.62.html,Private collection  Lower Rhine  in 1926,sold to Walter Kurt Rohde  Berlin in 1926,sold to Duveen Brothers  London,sold December 1926 to Andrew W. Mellon  Pittsburgh  Pennsylvania,deeded March 30  1932 to the A.W. Mellon Educational and Charitable Trust  Pittsburgh,in the collection he presented to the nation in 1937 as the National Gallery of Art  Washington (1937.1.55),,,,,,,,,,,,,,,,,,,,,,,,,
Hooch Pieter de 1629-1684,The Soldiers at a Tavern,no image available,"Galerie Borghese, Rome, no. 269 (?)",,,,,,,,,,,,,,,,,,,,,,,,,,,,,,
"Anonymous Dutch School, active 17th century",Still Life,https://www.mutualart.com/Artwork/Nature-morte-aux-fruits/4AEB1EC27F360A95,"Marczell de Nemes Collection Sale, Amsterdam, November 13-14, 1928, lot 66 (as Vermeer van Delft) (sold for 21,000 Gulden)",,,,,,,,,,,,,,,,,,,,,,,,,,,,,,
Vemeer Johannes 1632-1675 attributed to,Still Life,no image available,"J.O. Kronig, The Hague",,,,,,,,,,,,,,,,,,,,,,,,,,,,,,
Vermeer  Johannes  1632-1675  formerly attributed to.,Still Life on a Table.,https://digitalcollections.frick.org/digico/#/,Sale  Christie's  London  May 14  1926  lot 35 (to Duits).,,,,,,,,,,,,,,,,,,,,,,,,,,,,,,
"Vrel, Jacobus, 1654-1670",Street Scene,"http://www.getty.edu/art/collection/objects/556/jacobus-vrel-street-scene-dutch-about-1654-1662/?dz=0.5000,0.5981,0.48",Purchased by Thoré-Burger before 1866 in Holland,"Thoré Burger Estate Collection Sale, Hôtel Drouot, Paris, December 5, 1892, lot 33 (as attributed to Jan Vermeer of Delft) (1800 francs)"," Adolphe Schloss, Paris", owned by his widow,"Adolphe Schloss Collection Sale, Galerie Charpentier, Paris, December 5, 1951, lot 60 (2,000,000 francs to Rosenberg and Stiebel, dealers representing Mr. Getty)","given by Mr. Getty to the museum he founded, the J. Paul Getty Museum, Malibu, California (g) (70.PB.21).",,,,,,,,,,,,,,,,,,,,,,,,,
"Vrel, Jacobus, 1654-1670",Street Scene,https://apps.carleton.edu/kettering/stone-ferrier/?module_api=image_detail&module_identifier=module_identifier-mcla-ImageSidebarModule-mloc-pre_sidebar-mpar-da9af63edc444779df2c954dfc8d4d40&image_id=1089509,"Slagregen, Amsterdam","acquired 1888, from the Hudtwalcker-Wesselhoeft Collection",Museum of Hamburg,,,,,,,,,,,,,,,,,,,,,,,,,,,,
"Vrel, Jacobus, 1654-1670",Street View,http://hdl.handle.net/10934/RM0001.COLLECT.6492,"Rijksmusuem, Amsterdam",,,,,,,,,,,,,,,,,,,,,,,,,,,,,,
Vermeer  Johannes  1632-1675  manner of.,Study of a Head.,Contact photoarchive@frick.org for more information.,Sale  Amsterdam  G. Leebruggen Collection  March 1866,Suermondt,Kupferstichkabinett  Berlin (4581),,,,,,,,,,,,,,,,,,,,,,,,,,,,
Hooch Pieter de 1629-1684,Two Ladies and Two Gentlemen in an Interior,https://www.metmuseum.org/art/collection/search/436678,"Gallery of M. Francois Delessert, Paris, May 15, 1869, cat. no. 81 (150,000 francs)","B. Narischkine, Paris, Arpil 5, 1883 (160,000 francs)","Collection of M. Secretan, Paris, July 1, 1889 (270,000 francs) (possession of Durand-Ruel)",Durand-Ruel of Paris,"Havemeyer Collection, New York",,,,,,,,,,,,,,,,,,,,,,,,,,
Vermeer Johannes 1632-1675 attributed to,Two Pictures of Streets with Figures,https://www.mutualart.com/Artwork/STREET-SCENE-WITH-FIGURES-IN-CONVERSATIO/43134034A9D97322,"Sale D. Teengs, Amsterdam, April 24, 1811, cat no. 75 and 75 (258 florins)"," J.J. de J.J. de Faesch, Amsterdam, July 3, 1833, cat no. 33 (192 florins)",,,,,,,,,,,,,,,,,,,,,,,,,,,,,
Vermeer Johannes 1632-1675 attributed to,Two Pictures of Streets with Figures,http://www.artnet.com/artists/jacobus-vrel/street-scene-with-two-figures-walking-away-YrC_Os4oylGljzbdU53WHQ2,"Sale D. Teengs, Amsterdam, April 24, 1811, cat no. 75 and 75 (258 florins)"," J.J. de J.J. de Faesch, Amsterdam, July 3, 1833, cat no. 33 (192 florins)",,,,,,,,,,,,,,,,,,,,,,,,,,,,,
"Morley, Malcolm 1931-","Vermeer, Portrait of the Artist in His Studio",https://rkd.nl/nl/explore/images/268750,"Art dealer Kornblee Gallery, Manhattan (New York)","The Broad Museum, Downtown Los Angeles, inv./cat.nr B Morl-2P92.34",,,,,,,,,,,,,,,,,,,,,,,,,,,,,
Witte Emanuel de 1617-1692 attributed to,Vestibule of the St. Agatha Cloister,no image available,Museum of Amsterdam (?),,,,,,,,,,,,,,,,,,,,,,,,,,,,,,
"Vermeer van Haarlem, Jan, II, 1628-1691","View of a City, with a river, that the men navigate on their boats",no image available,Museum of Hanover (Welfen Museum),,,,,,,,,,,,,,,,,,,,,,,,,,,,,,
"Anonymous Dutch School, 18th century",View of Delft,https://sammlung.staedelmuseum.de/en/work/view-of-delft,"Sammlung im Städelschen Kunstinstitut, Frankfurt am Main, 884 inv./cat.nr Gernsheimlijst: Cityscape",,,,,,,,,,,,,,,,,,,,,,,,,,,,,,
Craeyvanger Reinier 1812-1880,View of Delft,http://am.adlibhosting.com/amonline/advanced/Details/collect/40229,"Museum Fodor, Amsterdam , inv./cat.nr A 10489",,,,,,,,,,,,,,,,,,,,,,,,,,,,,,
"Vermeer van Haarlem the Elder, Jan, 1628-1691","View of Delft, With a Bleaching Ground in Front",Contact photoarchive@frick.org for more information.,"Goudstikker, Amsterdam","Count Cavens, Brussels","Schloss Rohoncz, Castagnola",no longer in that collection.,,,,,,,,,,,,,,,,,,,,,,,,,,,
"Immitator of Vermeer, 18th century",View of Delft from the South,https://rkd.nl/explore/images/196472,"Dorotheum (Vienna) 2009-10-27, fig. Color reproduction , lot. 205, Auctioned as: anonymous, 18th century Northern Netherlands, to Johannes Vermeer",,,,,,,,,,,,,,,,,,,,,,,,,,,,,,
Meer Dirk Jan van der (?),View of Dunes,http://www.essentialvermeer.com/fakes_thefts_school_of_delft_lost_sp/erroneously_attributed_vermeers_one.html#.XQkZ5IhKh3h,Gallery of M.B. Suermondt,"Staatliche Museen zu Berlin, Gemaldegalerie",,,,,,,,,,,,,,,,,,,,,,,,,,,,,
Vermeer Johannes 1632-1675 attributed to,View of Holland,no image available,Collection of W. Burger,,,,,,,,,,,,,,,,,,,,,,,,,,,,,,
"Hoogstraten, Samuel van 1627-1678",View of an Interior,https://www.louvre.fr/en/oeuvre-notices/view-interior-or-slippers-traditional-title-given-19th-century,"Imported by Chaplin, English dealer, in 1839 (no signature, date or child)","W. Thore-Burger, Paris (is 1866) (with signature and date by not child)","Heris, dealer, Brussels (child painted in)","Comte de Lambertye Collection 1650 to Ch. Sedelmeyer) (with date, signature and child)","Charles Sedelmeyer, dealer, Paris","sold by him to Max Kann, Paris","Mme. Brooks Collection Sale, Hotel Drouot, Paris, April 16-18, 1877 (34) (as by Pieter de Hooch) (11,800)","Baron de Beuronville Collection Sale, Hotel Drouot, Paris, May 21-22, 1883 (66) (as by Pieter de Hooch) (9,700 frs.) (rachete)","Baron de Beurnonville Collection Sale, Paris, June 3, 1884 (253) (6,800 frs.) (Comte de l'Espine)","Comte de l'Espine; presented, in 1930, by Hortense (de l'Espine) Croy, Princesse Louise de Croy, to the Louvre, Paris","Louvre Museum, Paris (inv./cat.nr RF3722)  ",,,,,,,,,,,,,,,,,,,,
"Adriaenssen Alexander, 1587-1661",Woman buying poultry market,https://rkd.nl/explore/images/11392,"Private collection of Benjamin c. Smith, Paisley (Scotland)",,,,,,,,,,,,,,,,,,,,,,,,,,,,,,
Hooch Pieter de 1629-1684,A Woman Peeling Apples,https://wallacelive.wallacecollection.org/eMP/eMuseumPlus?service=direct/1/ResultListView/result.t1.collection_list.$TspTitleImageLink.link&sp=10&sp=Scollection&sp=SfieldValue&sp=0&sp=0&sp=2&sp=SdetailList&sp=0&sp=Sdetail&sp=0&sp=F&sp=T&sp=1,"Collection of Sir Richard Wallace, Marquess of Hertford, Manchester House, London ",,,,,,,,,,,,,,,,,,,,,,,,,,,,,,
Vermeer  Johannes  1632-1675  20th century imitator of.,Woman Reading.,https://www.metmuseum.org/art/collection/search/437882?exhibitionId=%7b4318132f-0779-46f5-a12c-54823e3da1b2%7d&amp;oid=437882&amp;pos=1&amp;ft=*,Dr. Rademaker  The Hague,Wildenstein Galleries  New York  until 1928,sold for $134 800 to Jules Bache  New York,Jules S. Bache  New York (1928-d.1944),his estate  1944-1949,transferred by the Bache Foundation in 1949 to the Metropolitan Museum of Art (as Vermeer) (j) (49.7.40),,,,,,,,,,,,,,,,,,,,,,,,,
Metsu Gabriel 1629-1667,Woman reading a letter and maid,http://onlinecollection.nationalgallery.ie/objects/8709/woman-reading-a-letter?ctx=3c58d9a2-e9f8-4ee4-a6b7-da62f60304a1&idx=0,"private collection Alfred Beit, London/Kaapstad 1900 - 1906","private collection Otto Beit (Sir), London 1906 - 1930","private collection Alfred Beit (Sir), Russborough House, Co, Wicklow, Ireland 1930 - 1987","National Gallery of Ireland, Dublin , inv./cat.nr NGI.4537 1987 -",,,,,,,,,,,,,,,,,,,,,,,,,,,
Vermeer Johannes 1632-1675 attributed to,Wooded Landscape,no image available,Gallery of M.B. Suermondt; Sale Weyer,,,,,,,,,,,,,,,,,,,,,,,,,,,,,,
Metsu Gabriel 1629-1667,Young Gentleman writing a Letter,http://onlinecollection.nationalgallery.ie/objects/8708/man-writing-a-letter,"Sale Hendrik Sorgh, Amsterdam, Marh 28, 1720, cat. No. 29 (560 florins, with the pendant)","G. Bruyn, Amsterdam, July 31, 1724 (785 florins, with pendant)","Sale Braancamp, Amsterdam, July 31 1771, cat. no. 125 (5,205 florins with pendant, Jan Hope)","Collection of Lord Francis Pelham Clinton Hope, Deepdene, which was bought as a whole in 1898 by A. Wertheimer and P. and D. Colnaghi (with the pendant)","Collection of Alfred Beit, London","National Gallery of Ireland, Dublin ",,,,,,,,,,,,,,,,,,,,,,,,,
"Anonymous, Dutch School, active 17th century",Young Man seated next to a Barrel,https://www.teylersmuseum.nl/en/collection/art/r-010-zittende-jongeman-bij-ton-met-het-hoofd-naar-links,J. de Vos,"Sale, Amsterdam, J. de Vos Collection, October 30, 1833 (Lugt 13425), F 15 (as Delftische Van der Meer) (to Michaelis for the Teylers Museum)","Teylers Museum, Haarlem (R 10).",,,,,,,,,,,,,,,,,,,,,,,,,,,,
"Cossiers Jan, 1600-1671",Young woman with fruit on her lap looking at a man,https://rkd.nl/explore/images/59067,"Art dealer Legat (The Hague), The Hague, 1952","Art dealer or private collection Dr. Opalski, Zurich","Private Collection, Switzerland in 1974",,,,,,,,,,,,,,,,,,,,,,,,,,,,
"Terburg, Gerard the younger 1617-1681",A Young Woman peeling an Apple for her Child,www.khm.at/de/object/0e01938fc4/,"Kunsthistorisches Museum, Vienna",,,,,,,,,,,,,,,,,,,,,,,,,,,,,,
Unknown Artist,Young Woman with a Pearl in the Ear,https://rkd.nl/explore/images/55321,"Vianen, Vianen, inv./cat.nr 767",,,,,,,,,,,,,,,,,,,,,,,,,,,,,,
Vermeer Johannes 1632-1675 attributed to,A Young Woman plays at on a harpsichord in her room with a teacher who listens ,no image available,"Sale of 1696, cat. no. 6",,,,,,,,,,,,,,,,,,,,,,,,,,,,,,
"Burch, Hendrik van der 1627-1666 attributed to",A Young Woman sewing,no image available,"Sale Amsterdam, 1779, cat. no. 105","J. Pekstock, Amsterdam, Decmeber 17, 1792, cat. no. 70 (30 florins)",,,,,,,,,,,,,,,,,,,,,,,,,,,,,
"Anonymous, possibly Angel, Philips (1618 - 1664) ","Portrait of Vermeer in a room, with many accessories, painted especially well by himself",no image available,"Anthony  Reyre, London. Cut before 1956. Left half offered at an auction in 1956 (Drouot, Parijs)."," Both halves sold from estate, 1959; art dealer Karl Loevenich (Savoy Art & Auction Galleries), New York City",,,,,,,,,,,,,,,,,,,,,,,,,,,,,
"Musscher, van Michiel (1645-1705) ",Self Portrait of the Artist in His Studio,https://rkd.nl/en/explore/images/284012,"Collection Baron Floriet (Dealer M. Brandt, New York, 1957-8)  "," Sale, W. Hillsborough, London, 1959, W. Suhr","John and Johanna Bass, New York (Parke-Bernet), October 24, 1962 no. 49 ($90,000)",,,,,,,,,,,,,,,,,,,,,,,,,,,,
"Vermeer, Johannes (1632-1675) (imitation of)",The Mathematician,https://www.codart.nl/guide/agenda/splendor-in-the-bass-the-portraits/,,,,,,,,,,,,,,,,,,,,,,,,,,,,,,,
"Vermeer, Johannes (1632-1675); Unknown Artist",Portrait of a Young Man ,Contact photoarchive@frick.org for more information.,,,,,,,,,,,,,,,,,,,,,,,,,,,,,,,
"Vermeer, Johannes (1632-1675) attributed to ",Portrait of a Young Girl ,Contact photoarchive@frick.org for more information.,"New York, October 3, 1945 ",,,,,,,,,,,,,,,,,,,,,,,,,,,,,,
"Vermeer, Johannes (1632-1675) imitation of ",A Portrait in Antique Costume,Contact photoarchive@frick.org for more information.,1696 Dissius auction (?) ,"James H. Galloway, April 7, 1947",,,,,,,,,,,,,,,,,,,,,,,,,,,,,
"Vermeer, Johannes (1632-1675) (attributed to)",Three Muses; Diana and her attendants ,Contact photoarchive@frick.org for more information.,,,,,,,,,,,,,,,,,,,,,,,,,,,,,,,
"Held, Georg (1710-1756)",Still life of shells on a marble table ,Contact photoarchive@frick.org for more information.,"Jacques Goudstikker, Amsterdam 1933 ",private collection G. Murray Bakker; Amsterdam 1946 (attributed to Vermeer)," sale, Anne J. Hilversum, 1946 lot 340 (as by Vermeer)","sale, Rheims, Maurice, Paris, 1950 lot 37 (as W. Kalf?)","sale, Sotheby Parke Bernet 1983 lot 57, as early 18th century German school",,,,,,,,,,,,,,,,,,,,,,,,,,
,,https://rkd.nl/en/explore/images/281769,,,,,,,,,,,,,,,,,,,,,,,,,,,,,,,
Vermeer Johannes 1632-1675 attributed to,At the Art-Dealer's,(lost),"Sale M. Neven, Cologne, March 17, 1879, cat no. 132",,,,,,,,,,,,,,,,,,,,,,,,,,,,,,
Vermeer Johannes 1632-1675 attributed to,The Back of a House with a Courtyard,(lost),"Sale Amsterdam, July 6, 1829 (9 florins 10)","Amsterdam, May 10, 1830, cat. No. 74 (7 florins)",,,,,,,,,,,,,,,,,,,,,,,,,,,,,
Vermeer Johannes 1632-1675 attributed to,The Concert ,(lost),"Sale London, December 21, 1901, cat. no. 94",,,,,,,,,,,,,,,,,,,,,,,,,,,,,,
Vermeer Johannes 1632-1675 attributed to,A Country Fair,(lost),"Sale J. kamermans, Rotterdam, October 2, 1825, cat. no. 195 (66 florins 10)",,,,,,,,,,,,,,,,,,,,,,,,,,,,,,
Vermeer Johannes 1632-1675 attributed to,A Domestic Scene,(lost),"Sale Rotterdam, 1820 (194 florins)",,,,,,,,,,,,,,,,,,,,,,,,,,,,,,
Vermeer Johannes 1632-1675 attributed to,A Domestic Scene,(lost),"Sale Rotterdam, 1832 (190 florins)",,,,,,,,,,,,,,,,,,,,,,,,,,,,,,
Vermeer Johannes 1632-1675 attributed to,The Flower-Girl,(lost),"Sale Clave-Bouhaben, Cologne, June 4, 1894, cat. No. 266",,,,,,,,,,,,,,,,,,,,,,,,,,,,,,
Vermeer Johannes 1632-1675 attributed to,A Gentleman and Lady eating Oysters,(lost),"Sale Jacob Crammer Simonsz, Amsterdam, November 25, 1778, cat. no. 20 (65 florins)",,,,,,,,,,,,,,,,,,,,,,,,,,,,,,
Vermeer Johannes 1632-1675 attributed to,The Girl with the Cat,(lost),"Sale E. Ruelens, Brussels, April 17, cat. no. 284",,,,,,,,,,,,,,,,,,,,,,,,,,,,,,
Vermeer Johannes 1632-1675 attributed to,A Girl and a Cavalier,(lost),"Sale Dr. Luchtmans, Rotterdam, April 20, 1816, cat. no. 91 (60 florins 50)",,,,,,,,,,,,,,,,,,,,,,,,,,,,,,
Vermeer Johannes 1632-1675 attributed to,The Goldsmith's Shop,(lost),"Sale Barend Kooy, Amsterdam, April 20, 1820, cat no. 56 (21 florins)",,,,,,,,,,,,,,,,,,,,,,,,,,,,,,
Vermeer Johannes 1632-1675 attributed to,Head of a Person in Antique Costume,(lost),"Sale Amsterdam, May 16 , 1696, cat no. 40 (17 florins)",,,,,,,,,,,,,,,,,,,,,,,,,,,,,,
Vermeer Johannes 1632-1675 attributed to,"An Interior, with a Gentleman washing his Hands",(lost),"Sale Amsterdam, May 16, 1696, cat. no. 5 (95 florins)",,,,,,,,,,,,,,,,,,,,,,,,,,,,,,
Vermeer Johannes 1632-1675 attributed to,A Lady with a Maid-Servant and a Page,(lost),"Sale Maclean, London, November 21, 1903, cat. No. 110",,,,,,,,,,,,,,,,,,,,,,,,,,,,,,
Vermeer Johannes 1632-1675 attributed to,A Lady making Lace,(lost),"Sale D. de Jongh. Rotterdam, March 26, 1810, cat no. 51",,,,,,,,,,,,,,,,,,,,,,,,,,,,,,
Vermeer Johannes 1632-1675 attributed to,A Lady at the Spinet with a Gentleman,(lost),"Sale of J.J. de J.J. de Faesch, Amsterdam, July 3, 1833, cat. no. 34 (105 florins, Twist)",,,,,,,,,,,,,,,,,,,,,,,,,,,,,,
Vermeer Johannes 1632-1675 attributed to,A Landscape with Trees,(lost),"Sale Amsterdam, January 25, 1825 cat no. 55 (36 florins 10)",,,,,,,,,,,,,,,,,,,,,,,,,,,,,,
Vermeer Johannes 1632-1675 attributed to,A Lady Writing,(lost),Sale (probably) Amsterdam 1696,"Dr. Luchtmans, Rotterdam, 1816","(probably) J. Kamermans, Rotterdam, 1825","H. Reydon and others, Amsterdam, 1827","Comte F. de Robiano, Brussels, 1837. Possibly No. 35 in the 1696 catalogue","perhaps the Lady Writing, J.P. Morgan Collection",,,,,,,,,,,,,,,,,,,,,,,,,
Vermeer Johannes 1632-1675 attributed to,The Love Letter,(lost),"Sale Hope Edwards and others, London, April 27, 1901, cat. no. 79",,,,,,,,,,,,,,,,,,,,,,,,,,,,,,
Vermeer Johannes 1632-1675 attributed to,A Man playing Music with a Lady in an Interior,(lost),"Sale Amsterdam, 1696, cat. no. 10 (81 florins)",,,,,,,,,,,,,,,,,,,,,,,,,,,,,,
Vermeer Johannes 1632-1675 attributed to,A Man Reading,(lost),"Sale Leyden, 1821",,,,,,,,,,,,,,,,,,,,,,,,,,,,,,
Vermeer Johannes 1632-1675 attributed to,A Nun reading,(lost),"Sale Leyden, July 3, 1821, cat. no. 35 (9 florins, 15)",,,,,,,,,,,,,,,,,,,,,,,,,,,,,,
Vermeer Johannes 1632-1675 attributed to,"The Oude Gracht in Haarlem, near Klein Hiligland",(lost),"Sale G. van der Pals, Rotterdam, August 30, 1824, cat no. 25 (640 florins)",,,,,,,,,,,,,,,,,,,,,,,,,,,,,,
Vermeer Johannes 1632-1675 attributed to,Part of a Town with a View into an Entry,(lost),"Sale Amsterdam, August 15, 1825 cat no. 242 (60 florins)",,,,,,,,,,,,,,,,,,,,,,,,,,,,,,
Vermeer Johannes 1632-1675 attributed to,A Picture of a Street,(lost),"Sale Amsterdam, March 24, 1828, cat no. 55 (36 florins 10)",,,,,,,,,,,,,,,,,,,,,,,,,,,,,,
Vermeer Johannes 1632-1675 attributed to,A Picture of a Street,(lost),"Sale H. Reydon and others, Amsterdam, April 5, 1827, cat. No. 28 (161 florins)",,,,,,,,,,,,,,,,,,,,,,,,,,,,,,
Vermeer Johannes 1632-1675 attributed to,Portrait of Vermeer,(lost),"Sale Amsterdam, May 16 1969, cat. no. 3 (45 florins)",,,,,,,,,,,,,,,,,,,,,,,,,,,,,,
Vermeer Johannes 1632-1675 attributed to,Portrait of a Young Lady,(lost),"Sale Neven, Cologne, March 17, 1879 cat no. 231",,,,,,,,,,,,,,,,,,,,,,,,,,,,,,
Vermeer Johannes 1632-1675 attributed to,Portrait of a Young Man,(lost),"Sale Lafontaine, Paris 1822",,,,,,,,,,,,,,,,,,,,,,,,,,,,,,
Vermeer Johannes 1632-1675 attributed to,A public Place at The Hague,(lost),"Sale Demidoff, San Donato near Florence, March 15, 1880, cat no. 1128",,,,,,,,,,,,,,,,,,,,,,,,,,,,,,
Vermeer Johannes 1632-1675 attributed to,Scene in a Courtyard,(lost),"Sale A.W.C Baron van Nagell van Ampsen, The Hague, September 5, 1851 cat no. 38 (70 florins)",,,,,,,,,,,,,,,,,,,,,,,,,,,,,,
Vermeer Johannes 1632-1675 attributed to,A Trooper and a Girl,(lost),"Sale. Von Woyna and others, Bonn, march 1, 1898, cat. no. 136",,,,,,,,,,,,,,,,,,,,,,,,,,,,,,
Vermeer Johannes 1632-1675 attributed to,A View of some Houses,(lost),"Sale Amsterdam, May 16, 1696 cat no. 33 (48 florins)",,,,,,,,,,,,,,,,,,,,,,,,,,,,,,
Vermeer Johannes 1632-1675 attributed to,View of a Street in Delft,(lost),"Sale Abraham de Haas, Amsterdam, November 8, 1824 cat no. 24 (76 florins)",,,,,,,,,,,,,,,,,,,,,,,,,,,,,,
Vermeer Johannes 1632-1675 attributed to,Woman and Boy sitting by the Fireside in a Room,(lost),"Sale A. van Beestingh and others, Rotterdam, April 30, 1822, cat. No. 11 (190 florins)",,,,,,,,,,,,,,,,,,,,,,,,,,,,,,
Vermeer Johannes 1632-1675 attributed to,Woman and Child,(lost),"Sale C . Triepel, Munich, September 28, 1874, cat. no. 48",,,,,,,,,,,,,,,,,,,,,,,,,,,,,,
Vermeer Johannes 1632-1675 attributed to,A Woman combing her Hair,(lost),"Sale Pieter de Klok, Amsterdam, April 22, 1744, cat. no. 87 (18 florins)",,,,,,,,,,,,,,,,,,,,,,,,,,,,,,
Vermeer Johannes 1632-1675 attributed to,A Woman making Lace,(lost),"Sale Hoorn, July 8, 1817, cat. No. 135 (7 florins 5)",,,,,,,,,,,,,,,,,,,,,,,,,,,,,,
Vermeer Johannes 1632-1675 attributed to,A Woman making Lace,(lost),"Sale H. Stokvisch, C. Henning, and others, Amsterdam, May 22, 1823, cat no. 81 (15 florins 10)",,,,,,,,,,,,,,,,,,,,,,,,,,,,,,
Vermeer Johannes 1632-1675 attributed to,A Woman with Needlework on her Lap,(lost),"Sales P.M. Kesler, C. Apostool, and others, Amsterdam, May 13, 1844, cat. No. 218 (26 florins 50)","J.A.A. de Lelie and others, Amsterdam, July 29, 1835, cat. No. 280 (63 florins)",,,,,,,,,,,,,,,,,,,,,,,,,,,,,
Vermeer Johannes 1632-1675 attributed to,A Woman pairing Turnips,(lost),"Sale, Amsterdam, J.A. Brentano Collection, May 13, 1822, lot. 209 (701 florins, to de Vries)",,,,,,,,,,,,,,,,,,,,,,,,,,,,,,
Vermeer Johannes 1632-1675 attributed to,A Woman washing a Boy's Head in a Room,(lost),"Sale. H. van der Heuvel and J. Hackefort, Rotterdam, April 18, 1816, cat no. 107 (8 florins)",,,,,,,,,,,,,,,,,,,,,,,,,,,,,,
Vermeer Johannes 1632-1675 attributed to,A Woman weighing Gold,(lost),Sale The Hague 1780 (?) cat. no. 97 (180 florins),"Sale Amsterdam, June 13, 1809, cat. no. 100 (126 florins)",,,,,,,,,,,,,,,,,,,,,,,,,,,,,
Vermeer Johannes 1632-1675 attributed to,A Woman at Work with a Child,(lost),"Sale of Estate of Roos, Amsterdam, 1841",,,,,,,,,,,,,,,,,,,,,,,,,,,,,,
Vermeer Johannes 1632-1675 attributed to,A Young Girl conversing with a Doctor,(lost),"Sale J. Hulswit, Amsterdam, 1822",,,,,,,,,,,,,,,,,,,,,,,,,,,,,,
Vermeer Johannes 1632-1675 attributed to,A Young Woman skinning an Eel,(lost),"Sale Neville D. Goldsmid of The Hague, Paris, May 4, 1876, cat no. 77",,,,,,,,,,,,,,,,,,,,,,,,,,,,,,
Vermeer Johannes 1632-1675 attributed to,A violent Storm at Sea,(lost),"In the possession of Von Krane-Maten, Darmstadt, in 1863",,,,,,,,,,,,,,,,,,,,,,,,,,,,,,
